Timestamp,X(m/s^2),Y(m/s^2),Z(m/s^2),Label
2024-08-15 10:13:52.752,0.67,0.12,-9.41,Stationary
2024-08-15 10:13:52.792,0.71,0.08,-9.45,Stationary
2024-08-15 10:13:52.820,0.67,0.12,-9.49,Stationary
2024-08-15 10:13:52.824,0.67,0.16,-9.45,Stationary
2024-08-15 10:13:52.830,0.63,0.16,-9.49,Stationary
2024-08-15 10:13:52.830,0.75,0.16,-9.41,Stationary
2024-08-15 10:13:52.836,0.71,0.16,-9.45,Stationary
2024-08-15 10:13:52.837,0.71,0.12,-9.41,Stationary
2024-08-15 10:13:52.864,0.67,0.12,-9.49,Stationary
2024-08-15 10:13:52.866,0.67,0.12,-9.41,Stationary
2024-08-15 10:13:52.874,0.71,0.16,-9.45,Stationary
2024-08-15 10:13:52.881,0.71,0.2,-9.45,Stationary
2024-08-15 10:13:52.910,0.71,0.12,-9.49,Stationary
2024-08-15 10:13:52.914,0.67,0.12,-9.45,Stationary
2024-08-15 10:13:52.941,0.67,0.12,-9.45,Stationary
2024-08-15 10:13:52.945,0.71,0.16,-9.45,Stationary
2024-08-15 10:13:52.952,0.71,0.16,-9.45,Stationary
2024-08-15 10:13:52.952,0.67,0.12,-9.49,Stationary
2024-08-15 10:13:52.975,0.71,0.12,-9.49,Stationary
2024-08-15 10:13:52.993,0.71,0.12,-9.49,Stationary
2024-08-15 10:13:52.993,0.71,0.16,-9.45,Stationary
2024-08-15 10:13:53.007,0.67,0.12,-9.45,Stationary
2024-08-15 10:13:53.011,0.63,0.16,-9.45,Stationary
2024-08-15 10:13:53.044,0.67,0.12,-9.41,Stationary
2024-08-15 10:13:53.048,0.67,0.12,-9.45,Stationary
2024-08-15 10:13:53.054,0.75,0.12,-9.49,Stationary
2024-08-15 10:13:53.060,0.67,0.16,-9.41,Stationary
2024-08-15 10:13:53.070,0.67,0.16,-9.38,Stationary
2024-08-15 10:13:53.100,0.67,0.12,-9.41,Stationary
2024-08-15 10:13:53.103,0.67,0.12,-9.49,Stationary
2024-08-15 10:13:53.111,0.71,0.12,-9.38,Stationary
2024-08-15 10:13:53.139,0.67,0.2,-9.45,Stationary
2024-08-15 10:13:53.143,0.71,0.16,-9.41,Stationary
2024-08-15 10:13:53.150,0.67,0.12,-9.45,Stationary
2024-08-15 10:13:53.174,0.71,0.16,-9.45,Stationary
2024-08-15 10:13:53.178,0.71,0.12,-9.41,Stationary
2024-08-15 10:13:53.186,0.71,0.16,-9.45,Stationary
2024-08-15 10:13:53.195,0.75,0.12,-9.45,Stationary
2024-08-15 10:13:53.219,0.75,0.08,-9.45,Stationary
2024-08-15 10:13:53.224,0.71,0.12,-9.45,Stationary
2024-08-15 10:13:53.232,0.67,0.08,-9.49,Stationary
2024-08-15 10:13:53.259,0.71,0.08,-9.41,Stationary
2024-08-15 10:13:53.264,0.71,0.12,-9.45,Stationary
2024-08-15 10:13:53.264,0.63,0.16,-9.45,Stationary
2024-08-15 10:13:53.295,0.67,0.16,-9.49,Stationary
2024-08-15 10:13:53.301,0.67,0.2,-9.49,Stationary
2024-08-15 10:13:53.301,0.67,0.16,-9.45,Stationary
2024-08-15 10:13:53.330,0.67,0.08,-9.45,Stationary
2024-08-15 10:13:53.371,0.71,0.12,-9.45,Stationary
2024-08-15 10:13:53.376,0.67,0.12,-9.49,Stationary
2024-08-15 10:13:53.376,0.71,0.12,-9.45,Stationary
2024-08-15 10:13:53.386,0.71,0.16,-9.45,Stationary
2024-08-15 10:13:53.386,0.75,0.16,-9.45,Stationary
2024-08-15 10:13:53.393,0.67,0.08,-9.49,Stationary
2024-08-15 10:13:53.414,0.67,0.16,-9.41,Stationary
2024-08-15 10:13:53.437,0.67,0.12,-9.41,Stationary
2024-08-15 10:13:53.437,0.67,0.16,-9.38,Stationary
2024-08-15 10:13:53.446,0.71,0.2,-9.45,Stationary
2024-08-15 10:13:53.446,0.75,0.16,-9.49,Stationary
2024-08-15 10:13:53.474,0.71,0.12,-9.45,Stationary
2024-08-15 10:13:53.478,0.71,0.12,-9.45,Stationary
2024-08-15 10:13:53.486,0.71,0.2,-9.45,Stationary
2024-08-15 10:13:53.510,0.67,0.12,-9.49,Stationary
2024-08-15 10:13:53.513,0.71,0.12,-9.49,Stationary
2024-08-15 10:13:53.522,0.71,0.16,-9.53,Stationary
2024-08-15 10:13:53.529,0.67,0.12,-9.49,Stationary
2024-08-15 10:13:53.556,0.71,0.16,-9.45,Stationary
2024-08-15 10:13:53.560,0.67,0.16,-9.49,Stationary
2024-08-15 10:13:53.567,0.63,0.12,-9.45,Stationary
2024-08-15 10:13:53.596,0.63,0.12,-9.45,Stationary
2024-08-15 10:13:53.602,0.67,0.2,-9.45,Stationary
2024-08-15 10:13:53.602,0.67,0.12,-9.45,Stationary
2024-08-15 10:13:53.631,0.63,0.16,-9.49,Stationary
2024-08-15 10:13:53.635,0.63,0.12,-9.45,Stationary
2024-08-15 10:13:53.641,0.67,0.12,-9.41,Stationary
2024-08-15 10:13:53.647,0.67,0.12,-9.45,Stationary
2024-08-15 10:13:53.676,0.63,0.16,-9.38,Stationary
2024-08-15 10:13:53.715,0.78,0.16,-9.45,Stationary
2024-08-15 10:13:53.719,0.71,0.16,-9.45,Stationary
2024-08-15 10:13:53.724,0.67,0.16,-9.41,Stationary
2024-08-15 10:13:53.724,0.71,0.16,-9.45,Stationary
2024-08-15 10:13:53.731,0.67,0.12,-9.41,Stationary
2024-08-15 10:13:53.743,0.75,0.2,-9.41,Stationary
2024-08-15 10:13:53.746,0.71,0.12,-9.45,Stationary
2024-08-15 10:13:53.776,0.71,0.16,-9.45,Stationary
2024-08-15 10:13:53.779,0.71,0.12,-9.45,Stationary
2024-08-15 10:13:53.786,0.67,0.16,-9.41,Stationary
2024-08-15 10:13:53.792,0.63,0.12,-9.45,Stationary
2024-08-15 10:13:53.820,0.71,0.12,-9.45,Stationary
2024-08-15 10:13:53.824,0.67,0.16,-9.45,Stationary
2024-08-15 10:13:53.830,0.71,0.12,-9.41,Stationary
2024-08-15 10:13:53.859,0.67,0.16,-9.41,Stationary
2024-08-15 10:13:53.862,0.71,0.12,-9.49,Stationary
2024-08-15 10:13:53.869,0.71,0.12,-9.41,Stationary
2024-08-15 10:13:53.895,0.67,0.16,-9.49,Stationary
2024-08-15 10:13:53.900,0.71,0.12,-9.41,Stationary
2024-08-15 10:13:53.907,0.71,0.16,-9.41,Stationary
2024-08-15 10:13:53.913,0.67,0.12,-9.49,Stationary
2024-08-15 10:13:53.940,0.71,0.08,-9.49,Stationary
2024-08-15 10:13:53.944,0.67,0.12,-9.45,Stationary
2024-08-15 10:13:53.990,0.71,0.12,-9.45,Stationary
2024-08-15 10:13:54.014,0.71,0.12,-9.49,Stationary
2024-08-15 10:13:54.014,0.71,0.16,-9.49,Stationary
2024-08-15 10:13:54.021,0.71,0.16,-9.45,Stationary
2024-08-15 10:13:54.021,0.63,0.16,-9.41,Stationary
2024-08-15 10:13:54.021,0.67,0.12,-9.45,Stationary
2024-08-15 10:13:54.028,0.67,0.12,-9.45,Stationary
2024-08-15 10:13:54.035,0.75,0.16,-9.41,Stationary
2024-08-15 10:13:54.060,0.67,0.16,-9.45,Stationary
2024-08-15 10:13:54.111,0.67,0.16,-9.45,Stationary
2024-08-15 10:13:54.115,0.63,0.16,-9.49,Stationary
2024-08-15 10:13:54.119,0.71,0.16,-9.49,Stationary
2024-08-15 10:13:54.128,0.71,0.16,-9.49,Stationary
2024-08-15 10:13:54.128,0.71,0.12,-9.45,Stationary
2024-08-15 10:13:54.128,0.67,0.12,-9.45,Stationary
2024-08-15 10:13:54.129,0.71,0.16,-9.45,Stationary
2024-08-15 10:13:54.158,0.71,0.12,-9.45,Stationary
2024-08-15 10:13:54.159,0.71,0.16,-9.45,Stationary
2024-08-15 10:13:54.166,0.67,0.12,-9.45,Stationary
2024-08-15 10:13:54.196,0.67,0.16,-9.49,Stationary
2024-08-15 10:13:54.200,0.67,0.16,-9.49,Stationary
2024-08-15 10:13:54.214,0.63,0.16,-9.49,Stationary
2024-08-15 10:13:54.219,0.71,0.16,-9.45,Stationary
2024-08-15 10:13:54.250,0.67,0.12,-9.45,Stationary
2024-08-15 10:13:54.250,0.67,0.12,-9.53,Stationary
2024-08-15 10:13:54.256,0.67,0.12,-9.45,Stationary
2024-08-15 10:13:54.262,0.71,0.16,-9.45,Stationary
2024-08-15 10:13:54.288,0.67,0.16,-9.49,Stationary
2024-08-15 10:13:54.292,0.67,0.12,-9.41,Stationary
2024-08-15 10:13:54.300,0.67,0.16,-9.45,Stationary
2024-08-15 10:13:54.325,0.67,0.16,-9.41,Stationary
2024-08-15 10:13:54.329,0.71,0.12,-9.45,Stationary
2024-08-15 10:13:54.335,0.71,0.16,-9.41,Stationary
2024-08-15 10:13:54.364,0.71,0.12,-9.49,Stationary
2024-08-15 10:13:54.367,0.67,0.16,-9.49,Stationary
2024-08-15 10:13:54.374,0.67,0.12,-9.41,Stationary
2024-08-15 10:13:54.400,0.67,0.12,-9.45,Stationary
2024-08-15 10:13:54.405,0.67,0.2,-9.41,Stationary
2024-08-15 10:13:54.405,0.71,0.12,-9.41,Stationary
2024-08-15 10:13:54.434,0.59,0.16,-9.49,Stationary
2024-08-15 10:13:54.455,0.71,0.12,-9.45,Stationary
2024-08-15 10:13:54.455,0.71,0.12,-9.45,Stationary
2024-08-15 10:13:54.460,0.71,0.12,-9.38,Stationary
2024-08-15 10:13:54.472,0.71,0.12,-9.45,Stationary
2024-08-15 10:13:54.476,0.67,0.16,-9.49,Stationary
2024-08-15 10:13:54.487,0.67,0.16,-9.49,Stationary
2024-08-15 10:13:54.515,0.67,0.2,-9.49,Stationary
2024-08-15 10:13:54.519,0.67,0.16,-9.41,Stationary
2024-08-15 10:13:54.524,0.67,0.12,-9.45,Stationary
2024-08-15 10:13:54.555,0.71,0.12,-9.45,Stationary
2024-08-15 10:13:54.559,0.67,0.12,-9.45,Stationary
2024-08-15 10:13:54.566,0.67,0.16,-9.49,Stationary
2024-08-15 10:13:54.570,0.67,0.16,-9.45,Stationary
2024-08-15 10:13:54.602,0.71,0.12,-9.45,Stationary
2024-08-15 10:13:54.606,0.67,0.12,-9.49,Stationary
2024-08-15 10:13:54.612,0.71,0.12,-9.41,Stationary
2024-08-15 10:13:54.637,0.71,0.12,-9.49,Stationary
2024-08-15 10:13:54.648,0.67,0.2,-9.41,Stationary
2024-08-15 10:13:54.648,0.67,0.16,-9.49,Stationary
2024-08-15 10:13:54.659,0.67,0.12,-9.53,Stationary
2024-08-15 10:13:54.684,0.71,0.12,-9.49,Stationary
2024-08-15 10:13:54.688,0.67,0.16,-9.49,Stationary
2024-08-15 10:13:54.694,0.67,0.16,-9.45,Stationary
2024-08-15 10:13:54.724,0.67,0.16,-9.49,Stationary
2024-08-15 10:13:54.727,0.67,0.16,-9.45,Stationary
2024-08-15 10:13:54.734,0.67,0.16,-9.45,Stationary
2024-08-15 10:13:54.760,0.71,0.2,-9.45,Stationary
2024-08-15 10:13:54.765,0.71,0.16,-9.45,Stationary
2024-08-15 10:13:54.771,0.75,0.12,-9.45,Stationary
2024-08-15 10:13:54.779,0.75,0.12,-9.45,Stationary
2024-08-15 10:13:54.805,0.67,0.16,-9.45,Stationary
2024-08-15 10:13:54.809,0.71,0.16,-9.45,Stationary
2024-08-15 10:13:54.817,0.67,0.16,-9.45,Stationary
2024-08-15 10:13:54.842,0.71,0.12,-9.49,Stationary
2024-08-15 10:13:54.863,0.67,0.08,-9.45,Stationary
2024-08-15 10:13:54.863,0.75,0.12,-9.45,Stationary
2024-08-15 10:13:54.863,0.67,0.2,-9.45,Stationary
2024-08-15 10:13:54.880,0.67,0.16,-9.53,Stationary
2024-08-15 10:13:54.883,0.71,0.12,-9.49,Stationary
2024-08-15 10:13:54.916,0.67,0.12,-9.41,Stationary
2024-08-15 10:13:54.922,0.67,0.12,-9.45,Stationary
2024-08-15 10:13:54.922,0.67,0.08,-9.45,Stationary
2024-08-15 10:13:54.953,0.67,0.16,-9.45,Stationary
2024-08-15 10:13:54.956,0.67,0.08,-9.41,Stationary
2024-08-15 10:13:54.963,0.63,0.12,-9.41,Stationary
2024-08-15 10:13:54.972,0.67,0.16,-9.45,Stationary
2024-08-15 10:13:54.999,0.67,0.16,-9.45,Stationary
2024-08-15 10:13:55.002,0.71,0.16,-9.49,Stationary
2024-08-15 10:13:55.008,0.67,0.12,-9.49,Stationary
2024-08-15 10:13:55.013,0.67,0.16,-9.45,Stationary
2024-08-15 10:13:55.044,0.67,0.12,-9.45,Stationary
2024-08-15 10:13:55.048,0.67,0.12,-9.49,Stationary
2024-08-15 10:13:55.048,0.75,0.16,-9.41,Stationary
2024-08-15 10:13:55.062,0.67,0.16,-9.53,Stationary
2024-08-15 10:13:55.092,0.78,0.16,-9.45,Stationary
2024-08-15 10:13:55.095,0.67,0.12,-9.49,Stationary
2024-08-15 10:13:55.102,0.67,0.16,-9.41,Stationary
2024-08-15 10:13:55.133,0.71,0.16,-9.41,Stationary
2024-08-15 10:13:55.137,0.71,0.2,-9.45,Stationary
2024-08-15 10:13:55.149,0.67,0.16,-9.49,Stationary
2024-08-15 10:13:55.149,0.71,0.16,-9.53,Stationary
2024-08-15 10:13:55.177,0.67,0.16,-9.45,Stationary
2024-08-15 10:13:55.181,0.71,0.12,-9.49,Stationary
2024-08-15 10:13:55.189,0.63,0.16,-9.45,Stationary
2024-08-15 10:13:55.223,0.63,0.16,-9.45,Stationary
2024-08-15 10:13:55.226,0.71,0.12,-9.45,Stationary
2024-08-15 10:13:55.234,0.71,0.16,-9.49,Stationary
2024-08-15 10:13:55.234,0.71,0.12,-9.41,Stationary
2024-08-15 10:13:55.261,0.71,0.12,-9.45,Stationary
2024-08-15 10:13:55.266,0.67,0.12,-9.41,Stationary
2024-08-15 10:13:55.272,0.67,0.16,-9.49,Stationary
2024-08-15 10:13:55.300,0.67,0.12,-9.49,Stationary
2024-08-15 10:13:55.343,0.67,0.16,-9.41,Stationary
2024-08-15 10:13:55.347,0.63,0.16,-9.49,Stationary
2024-08-15 10:13:55.353,0.67,0.12,-9.45,Stationary
2024-08-15 10:13:55.353,0.71,0.12,-9.49,Stationary
2024-08-15 10:13:55.359,0.67,0.12,-9.41,Stationary
2024-08-15 10:13:55.359,0.67,0.12,-9.49,Stationary
2024-08-15 10:13:55.365,0.67,0.2,-9.45,Stationary
2024-08-15 10:13:55.394,0.71,0.16,-9.45,Stationary
2024-08-15 10:13:55.429,0.67,0.12,-9.45,Stationary
2024-08-15 10:13:55.429,0.67,0.16,-9.45,Stationary
2024-08-15 10:13:55.437,0.67,0.16,-9.45,Stationary
2024-08-15 10:13:55.437,0.67,0.2,-9.45,Stationary
2024-08-15 10:13:55.437,0.71,0.12,-9.49,Stationary
2024-08-15 10:13:55.467,0.71,0.16,-9.41,Stationary
2024-08-15 10:13:55.471,0.67,0.16,-9.41,Stationary
2024-08-15 10:13:55.471,0.67,0.12,-9.45,Stationary
2024-08-15 10:13:55.514,0.71,0.12,-9.41,Stationary
2024-08-15 10:13:55.517,0.67,0.16,-9.41,Stationary
2024-08-15 10:13:55.544,0.71,0.12,-9.45,Stationary
2024-08-15 10:13:55.548,0.67,0.12,-9.41,Stationary
2024-08-15 10:13:55.555,0.71,0.12,-9.49,Stationary
2024-08-15 10:13:55.555,0.67,0.16,-9.41,Stationary
2024-08-15 10:13:55.562,0.67,0.12,-9.49,Stationary
2024-08-15 10:13:55.589,0.71,0.12,-9.49,Stationary
2024-08-15 10:13:55.593,0.67,0.12,-9.45,Stationary
2024-08-15 10:13:55.598,0.63,0.16,-9.49,Stationary
2024-08-15 10:13:55.605,0.71,0.16,-9.41,Stationary
2024-08-15 10:13:55.617,0.67,0.12,-9.49,Stationary
2024-08-15 10:13:55.628,0.75,0.12,-9.45,Stationary
2024-08-15 10:13:55.657,0.67,0.16,-9.45,Stationary
2024-08-15 10:13:55.662,0.67,0.16,-9.41,Stationary
2024-08-15 10:13:55.667,0.71,0.16,-9.45,Stationary
2024-08-15 10:13:55.694,0.71,0.12,-9.45,Stationary
2024-08-15 10:13:55.697,0.67,0.16,-9.45,Stationary
2024-08-15 10:13:55.704,0.71,0.12,-9.45,Stationary
2024-08-15 10:13:55.733,0.67,0.16,-9.41,Stationary
2024-08-15 10:13:55.737,0.71,0.12,-9.45,Stationary
2024-08-15 10:13:55.742,0.71,0.12,-9.49,Stationary
2024-08-15 10:13:55.749,0.67,0.12,-9.45,Stationary
2024-08-15 10:13:55.778,0.67,0.16,-9.38,Stationary
2024-08-15 10:13:55.781,0.71,0.12,-9.45,Stationary
2024-08-15 10:13:55.786,0.71,0.16,-9.53,Stationary
2024-08-15 10:13:55.813,0.67,0.12,-9.49,Stationary
2024-08-15 10:13:55.817,0.71,0.12,-9.45,Stationary
2024-08-15 10:13:55.824,0.71,0.16,-9.45,Stationary
2024-08-15 10:13:55.832,0.71,0.16,-9.41,Stationary
2024-08-15 10:13:55.860,0.67,0.12,-9.41,Stationary
2024-08-15 10:13:55.863,0.71,0.12,-9.45,Stationary
2024-08-15 10:13:55.869,0.71,0.12,-9.41,Stationary
2024-08-15 10:13:55.897,0.71,0.12,-9.45,Stationary
2024-08-15 10:13:55.907,0.67,0.12,-9.45,Stationary
2024-08-15 10:13:55.907,0.63,0.16,-9.49,Stationary
2024-08-15 10:13:55.937,0.63,0.16,-9.45,Stationary
2024-08-15 10:13:55.968,0.67,0.16,-9.45,Stationary
2024-08-15 10:13:55.968,0.67,0.16,-9.45,Stationary
2024-08-15 10:13:55.976,0.67,0.12,-9.49,Stationary
2024-08-15 10:13:55.976,0.67,0.12,-9.45,Stationary
2024-08-15 10:13:55.976,0.71,0.08,-9.41,Stationary
2024-08-15 10:13:56.004,0.67,0.24,-9.41,Stationary
2024-08-15 10:13:56.008,0.67,0.2,-9.45,Stationary
2024-08-15 10:13:56.016,0.71,0.12,-9.41,Stationary
2024-08-15 10:13:56.023,0.71,0.16,-9.45,Stationary
2024-08-15 10:13:56.034,0.71,0.12,-9.45,Stationary
2024-08-15 10:13:56.060,0.71,0.12,-9.45,Stationary
2024-08-15 10:13:56.063,0.67,0.16,-9.49,Stationary
2024-08-15 10:13:56.072,0.75,0.16,-9.49,Stationary
2024-08-15 10:13:56.101,0.71,0.2,-9.45,Stationary
2024-08-15 10:13:56.107,0.67,0.12,-9.45,Stationary
2024-08-15 10:13:56.107,0.71,0.12,-9.41,Stationary
2024-08-15 10:13:56.140,0.67,0.16,-9.49,Stationary
2024-08-15 10:13:56.144,0.67,0.16,-9.45,Stationary
2024-08-15 10:13:56.151,0.71,0.16,-9.41,Stationary
2024-08-15 10:13:56.176,0.71,0.12,-9.45,Stationary
2024-08-15 10:13:56.180,0.67,0.12,-9.41,Stationary
2024-08-15 10:13:56.187,0.71,0.12,-9.49,Stationary
2024-08-15 10:13:56.193,0.67,0.16,-9.53,Stationary
2024-08-15 10:13:56.220,0.75,0.08,-9.45,Stationary
2024-08-15 10:13:56.224,0.67,0.12,-9.41,Stationary
2024-08-15 10:13:56.232,0.67,0.16,-9.45,Stationary
2024-08-15 10:13:56.260,0.67,0.16,-9.45,Stationary
2024-08-15 10:13:56.264,0.67,0.16,-9.45,Stationary
2024-08-15 10:13:56.266,0.71,0.12,-9.49,Stationary
2024-08-15 10:13:56.296,0.71,0.12,-9.45,Stationary
2024-08-15 10:13:56.330,0.67,0.16,-9.45,Stationary
2024-08-15 10:13:56.333,0.63,0.16,-9.41,Stationary
2024-08-15 10:13:56.334,0.67,0.16,-9.45,Stationary
2024-08-15 10:13:56.339,0.71,0.2,-9.45,Stationary
2024-08-15 10:13:56.339,0.71,0.16,-9.41,Stationary
2024-08-15 10:13:56.353,0.71,0.16,-9.41,Stationary
2024-08-15 10:13:56.357,0.63,0.12,-9.49,Stationary
2024-08-15 10:13:56.389,0.71,0.16,-9.49,Stationary
2024-08-15 10:13:56.393,0.67,0.16,-9.49,Stationary
2024-08-15 10:13:56.400,0.71,0.2,-9.49,Stationary
2024-08-15 10:13:56.428,0.71,0.12,-9.45,Stationary
2024-08-15 10:13:56.431,0.67,0.16,-9.41,Stationary
2024-08-15 10:13:56.438,0.67,0.16,-9.45,Stationary
2024-08-15 10:13:56.464,0.67,0.16,-9.45,Stationary
2024-08-15 10:13:56.467,0.67,0.12,-9.49,Stationary
2024-08-15 10:13:56.473,0.67,0.16,-9.53,Stationary
2024-08-15 10:13:56.480,0.67,0.16,-9.53,Stationary
2024-08-15 10:13:56.507,0.71,0.12,-9.49,Stationary
2024-08-15 10:13:56.514,0.71,0.16,-9.45,Stationary
2024-08-15 10:13:56.514,0.67,0.16,-9.45,Stationary
2024-08-15 10:13:56.547,0.67,0.12,-9.41,Stationary
2024-08-15 10:13:56.572,0.67,0.12,-9.41,Stationary
2024-08-15 10:13:56.606,0.67,0.16,-9.45,Stationary
2024-08-15 10:13:56.609,0.75,0.16,-9.49,Stationary
2024-08-15 10:13:56.615,0.67,0.12,-9.49,Stationary
2024-08-15 10:13:56.621,0.63,0.12,-9.45,Stationary
2024-08-15 10:13:56.621,0.71,0.12,-9.45,Stationary
2024-08-15 10:13:56.621,0.71,0.12,-9.38,Stationary
2024-08-15 10:13:56.629,0.67,0.24,-9.45,Stationary
2024-08-15 10:13:56.653,0.75,0.16,-9.41,Stationary
2024-08-15 10:13:56.695,0.67,0.12,-9.41,Stationary
2024-08-15 10:13:56.698,0.71,0.16,-9.41,Stationary
2024-08-15 10:13:56.731,0.71,0.16,-9.41,Stationary
2024-08-15 10:13:56.731,0.67,0.16,-9.45,Stationary
2024-08-15 10:13:56.737,0.67,0.16,-9.49,Stationary
2024-08-15 10:13:56.737,0.67,0.08,-9.49,Stationary
2024-08-15 10:13:56.737,0.71,0.12,-9.53,Stationary
2024-08-15 10:13:56.742,0.67,0.12,-9.45,Stationary
2024-08-15 10:13:56.742,0.67,0.16,-9.49,Stationary
2024-08-15 10:13:56.756,0.67,0.12,-9.49,Stationary
2024-08-15 10:13:56.766,0.71,0.16,-9.45,Stationary
2024-08-15 10:13:56.796,0.71,0.12,-9.41,Stationary
2024-08-15 10:13:56.835,0.67,0.12,-9.45,Stationary
2024-08-15 10:13:56.835,0.67,0.12,-9.45,Stationary
2024-08-15 10:13:56.841,0.67,0.12,-9.41,Stationary
2024-08-15 10:13:56.842,0.67,0.16,-9.41,Stationary
2024-08-15 10:13:56.842,0.67,0.12,-9.45,Stationary
2024-08-15 10:13:56.869,0.71,0.12,-9.49,Stationary
2024-08-15 10:13:56.872,0.75,0.16,-9.45,Stationary
2024-08-15 10:13:56.878,0.67,0.16,-9.45,Stationary
2024-08-15 10:13:56.885,0.67,0.08,-9.49,Stationary
2024-08-15 10:13:56.915,0.67,0.12,-9.38,Stationary
2024-08-15 10:13:56.918,0.67,0.16,-9.45,Stationary
2024-08-15 10:13:56.925,0.75,0.2,-9.41,Stationary
2024-08-15 10:13:56.955,0.75,0.16,-9.45,Stationary
2024-08-15 10:13:56.959,0.75,0.12,-9.45,Stationary
2024-08-15 10:13:56.967,0.71,0.12,-9.45,Stationary
2024-08-15 10:13:56.973,0.71,0.16,-9.45,Stationary
2024-08-15 10:13:57.003,0.75,0.12,-9.53,Stationary
2024-08-15 10:13:57.006,0.71,0.12,-9.45,Stationary
2024-08-15 10:13:57.017,0.71,0.12,-9.49,Stationary
2024-08-15 10:13:57.040,0.67,0.12,-9.41,Stationary
2024-08-15 10:13:57.064,0.67,0.12,-9.41,Stationary
2024-08-15 10:13:57.064,0.71,0.12,-9.45,Stationary
2024-08-15 10:13:57.064,0.67,0.12,-9.41,Stationary
2024-08-15 10:13:57.077,0.67,0.12,-9.49,Stationary
2024-08-15 10:13:57.081,0.67,0.16,-9.45,Stationary
2024-08-15 10:13:57.111,0.71,0.16,-9.49,Stationary
2024-08-15 10:13:57.115,0.67,0.12,-9.49,Stationary
2024-08-15 10:13:57.124,0.67,0.12,-9.45,Stationary
2024-08-15 10:13:57.129,0.67,0.16,-9.45,Stationary
2024-08-15 10:13:57.155,0.67,0.12,-9.45,Stationary
2024-08-15 10:13:57.159,0.67,0.16,-9.41,Stationary
2024-08-15 10:13:57.167,0.71,0.12,-9.41,Stationary
2024-08-15 10:13:57.196,0.67,0.12,-9.49,Stationary
2024-08-15 10:13:57.208,0.67,0.16,-9.45,Stationary
2024-08-15 10:13:57.208,0.67,0.16,-9.41,Stationary
2024-08-15 10:13:57.213,0.67,0.16,-9.41,Stationary
2024-08-15 10:13:57.244,0.67,0.16,-9.45,Stationary
2024-08-15 10:13:57.248,0.71,0.16,-9.45,Stationary
2024-08-15 10:13:57.256,0.71,0.08,-9.49,Stationary
2024-08-15 10:13:57.280,0.75,0.12,-9.45,Stationary
2024-08-15 10:13:57.285,0.67,0.16,-9.38,Stationary
2024-08-15 10:13:57.285,0.71,0.16,-9.45,Stationary
2024-08-15 10:13:57.300,0.71,0.16,-9.45,Stationary
2024-08-15 10:13:57.324,0.67,0.12,-9.49,Stationary
2024-08-15 10:13:57.327,0.71,0.12,-9.49,Stationary
2024-08-15 10:13:57.334,0.71,0.12,-9.45,Stationary
2024-08-15 10:13:57.347,0.71,0.08,-9.45,Stationary
2024-08-15 10:13:57.372,0.71,0.12,-9.49,Stationary
2024-08-15 10:13:57.375,0.67,0.08,-9.49,Stationary
2024-08-15 10:13:57.414,0.67,0.16,-9.41,Stationary
2024-08-15 10:13:57.418,0.67,0.12,-9.45,Stationary
2024-08-15 10:13:57.426,0.71,0.16,-9.49,Stationary
2024-08-15 10:13:57.426,0.67,0.16,-9.45,Stationary
2024-08-15 10:13:57.426,0.71,0.12,-9.41,Stationary
2024-08-15 10:13:57.460,0.67,0.12,-9.41,Stationary
2024-08-15 10:13:57.463,0.71,0.12,-9.45,Stationary
2024-08-15 10:13:57.471,0.67,0.16,-9.45,Stationary
2024-08-15 10:13:57.478,0.67,0.12,-9.45,Stationary
2024-08-15 10:13:57.489,0.67,0.12,-9.45,Stationary
2024-08-15 10:13:57.517,0.67,0.16,-9.45,Stationary
2024-08-15 10:13:57.520,0.71,0.16,-9.41,Stationary
2024-08-15 10:13:57.520,0.71,0.12,-9.45,Stationary
2024-08-15 10:13:57.555,0.71,0.24,-9.45,Stationary
2024-08-15 10:13:57.560,0.67,0.12,-9.45,Stationary
2024-08-15 10:13:57.567,0.71,0.16,-9.45,Stationary
2024-08-15 10:13:57.592,0.75,0.12,-9.45,Stationary
2024-08-15 10:13:57.595,0.71,0.16,-9.45,Stationary
2024-08-15 10:13:57.601,0.71,0.16,-9.45,Stationary
2024-08-15 10:13:57.609,0.67,0.16,-9.45,Stationary
2024-08-15 10:13:57.635,0.67,0.12,-9.41,Stationary
2024-08-15 10:13:57.641,0.67,0.12,-9.49,Stationary
2024-08-15 10:13:57.641,0.67,0.16,-9.49,Stationary
2024-08-15 10:13:57.677,0.71,0.12,-9.49,Stationary
2024-08-15 10:13:57.680,0.67,0.16,-9.45,Stationary
2024-08-15 10:13:57.688,0.71,0.12,-9.41,Stationary
2024-08-15 10:13:57.713,0.71,0.2,-9.45,Stationary
2024-08-15 10:13:57.723,0.71,0.16,-9.49,Stationary
2024-08-15 10:13:57.723,0.71,0.16,-9.45,Stationary
2024-08-15 10:13:57.729,0.71,0.12,-9.45,Stationary
2024-08-15 10:13:57.757,0.67,0.12,-9.45,Stationary
2024-08-15 10:13:57.789,0.63,0.16,-9.45,Stationary
2024-08-15 10:13:57.789,0.71,0.16,-9.45,Stationary
2024-08-15 10:13:57.797,0.71,0.12,-9.45,Stationary
2024-08-15 10:13:57.797,0.67,0.12,-9.41,Stationary
2024-08-15 10:13:57.820,0.71,0.12,-9.38,Stationary
2024-08-15 10:13:57.862,0.71,0.12,-9.45,Stationary
2024-08-15 10:13:57.867,0.71,0.2,-9.38,Stationary
2024-08-15 10:13:57.867,0.71,0.16,-9.45,Stationary
2024-08-15 10:13:57.879,0.63,0.16,-9.49,Stationary
2024-08-15 10:13:57.879,0.67,0.16,-9.49,Stationary
2024-08-15 10:13:57.879,0.67,0.16,-9.45,Stationary
2024-08-15 10:13:57.891,0.78,0.12,-9.45,Stationary
2024-08-15 10:13:57.914,0.75,0.2,-9.45,Stationary
2024-08-15 10:13:57.918,0.67,0.16,-9.45,Stationary
2024-08-15 10:13:57.918,0.71,0.12,-9.41,Stationary
2024-08-15 10:13:57.950,0.75,0.16,-9.49,Stationary
2024-08-15 10:13:57.955,0.67,0.16,-9.41,Stationary
2024-08-15 10:13:57.963,0.71,0.12,-9.41,Stationary
2024-08-15 10:13:57.969,0.71,0.08,-9.49,Stationary
2024-08-15 10:13:57.995,0.67,0.12,-9.45,Stationary
2024-08-15 10:13:57.998,0.67,0.16,-9.41,Stationary
2024-08-15 10:13:58.025,0.67,0.16,-9.45,Stationary
2024-08-15 10:13:58.029,0.71,0.16,-9.41,Stationary
2024-08-15 10:13:58.036,0.67,0.12,-9.45,Stationary
2024-08-15 10:13:58.042,0.71,0.12,-9.53,Stationary
2024-08-15 10:13:58.069,0.71,0.12,-9.49,Stationary
2024-08-15 10:13:58.073,0.71,0.12,-9.41,Stationary
2024-08-15 10:13:58.082,0.63,0.16,-9.45,Stationary
2024-08-15 10:13:58.111,0.67,0.16,-9.45,Stationary
2024-08-15 10:13:58.116,0.63,0.16,-9.49,Stationary
2024-08-15 10:13:58.159,0.63,0.16,-9.45,Stationary
2024-08-15 10:13:58.162,0.67,0.2,-9.45,Stationary
2024-08-15 10:13:58.173,0.71,0.12,-9.45,Stationary
2024-08-15 10:13:58.173,0.67,0.16,-9.41,Stationary
2024-08-15 10:13:58.173,0.67,0.16,-9.45,Stationary
2024-08-15 10:13:58.183,0.71,0.16,-9.41,Stationary
2024-08-15 10:13:58.183,0.63,0.2,-9.41,Stationary
2024-08-15 10:13:58.210,0.67,0.16,-9.45,Stationary
2024-08-15 10:13:58.225,0.71,0.16,-9.49,Stationary
2024-08-15 10:13:58.225,0.71,0.16,-9.45,Stationary
2024-08-15 10:13:58.233,0.75,0.16,-9.41,Stationary
2024-08-15 10:13:58.259,0.75,0.12,-9.49,Stationary
2024-08-15 10:13:58.263,0.71,0.2,-9.49,Stationary
2024-08-15 10:13:58.270,0.71,0.12,-9.45,Stationary
2024-08-15 10:13:58.278,0.71,0.12,-9.45,Stationary
2024-08-15 10:13:58.310,0.71,0.08,-9.53,Stationary
2024-08-15 10:13:58.313,0.67,0.12,-9.49,Stationary
2024-08-15 10:13:58.320,0.71,0.2,-9.45,Stationary
2024-08-15 10:13:58.327,0.67,0.16,-9.41,Stationary
2024-08-15 10:13:58.355,0.67,0.12,-9.49,Stationary
2024-08-15 10:13:58.360,0.71,0.12,-9.45,Stationary
2024-08-15 10:13:58.366,0.67,0.12,-9.45,Stationary
2024-08-15 10:13:58.396,0.67,0.16,-9.49,Stationary
2024-08-15 10:13:58.401,0.71,0.12,-9.49,Stationary
2024-08-15 10:13:58.401,0.71,0.08,-9.45,Stationary
2024-08-15 10:13:58.431,0.71,0.12,-9.41,Stationary
2024-08-15 10:13:58.462,0.67,0.12,-9.45,Stationary
2024-08-15 10:13:58.462,0.67,0.16,-9.45,Stationary
2024-08-15 10:13:58.462,0.67,0.12,-9.45,Stationary
2024-08-15 10:13:58.469,0.67,0.12,-9.41,Stationary
2024-08-15 10:13:58.474,0.67,0.12,-9.45,Stationary
2024-08-15 10:13:58.500,0.67,0.16,-9.49,Stationary
2024-08-15 10:13:58.505,0.71,0.16,-9.41,Stationary
2024-08-15 10:13:58.512,0.71,0.16,-9.45,Stationary
2024-08-15 10:13:58.531,0.67,0.2,-9.49,Stationary
2024-08-15 10:13:58.542,0.71,0.16,-9.45,Stationary
2024-08-15 10:13:58.542,0.71,0.16,-9.45,Stationary
2024-08-15 10:13:58.572,0.71,0.2,-9.49,Stationary
2024-08-15 10:13:58.576,0.67,0.12,-9.41,Stationary
2024-08-15 10:13:58.583,0.71,0.12,-9.49,Stationary
2024-08-15 10:13:58.611,0.67,0.12,-9.45,Stationary
2024-08-15 10:13:58.616,0.67,0.12,-9.45,Stationary
2024-08-15 10:13:58.624,0.67,0.24,-9.45,Stationary
2024-08-15 10:13:58.630,0.67,0.16,-9.41,Stationary
2024-08-15 10:13:58.658,0.67,0.08,-9.49,Stationary
2024-08-15 10:13:58.661,0.67,0.16,-9.49,Stationary
2024-08-15 10:13:58.669,0.63,0.16,-9.41,Stationary
2024-08-15 10:13:58.692,0.75,0.12,-9.45,Stationary
2024-08-15 10:13:58.696,0.67,0.16,-9.49,Stationary
2024-08-15 10:13:58.705,0.67,0.08,-9.45,Stationary
2024-08-15 10:13:58.732,0.71,0.12,-9.45,Stationary
2024-08-15 10:13:58.736,0.71,0.12,-9.45,Stationary
2024-08-15 10:13:58.742,0.71,0.12,-9.45,Stationary
2024-08-15 10:13:58.768,0.67,0.12,-9.45,Stationary
2024-08-15 10:13:58.772,0.71,0.12,-9.45,Stationary
2024-08-15 10:13:58.772,0.67,0.12,-9.45,Stationary
2024-08-15 10:13:58.786,0.63,0.12,-9.45,Stationary
2024-08-15 10:13:58.811,0.71,0.12,-9.41,Stationary
2024-08-15 10:13:58.815,0.67,0.16,-9.49,Stationary
2024-08-15 10:13:58.821,0.67,0.12,-9.41,Stationary
2024-08-15 10:13:58.852,0.71,0.2,-9.41,Stationary
2024-08-15 10:13:58.877,0.75,0.12,-9.45,Stationary
2024-08-15 10:13:58.902,0.67,0.12,-9.45,Stationary
2024-08-15 10:13:58.902,0.75,0.12,-9.49,Stationary
2024-08-15 10:13:58.908,0.75,0.12,-9.49,Stationary
2024-08-15 10:13:58.909,0.71,0.12,-9.45,Stationary
2024-08-15 10:13:58.909,0.71,0.12,-9.49,Stationary
2024-08-15 10:13:58.936,0.71,0.16,-9.38,Stationary
2024-08-15 10:13:58.938,0.67,0.12,-9.45,Stationary
2024-08-15 10:13:58.944,0.67,0.16,-9.45,Stationary
2024-08-15 10:13:58.957,0.71,0.12,-9.45,Stationary
2024-08-15 10:13:58.960,0.71,0.12,-9.49,Stationary
2024-08-15 10:13:58.996,0.75,0.16,-9.45,Stationary
2024-08-15 10:13:59.001,0.71,0.12,-9.45,Stationary
2024-08-15 10:13:59.001,0.67,0.12,-9.49,Stationary
2024-08-15 10:13:59.033,0.67,0.12,-9.49,Stationary
2024-08-15 10:13:59.038,0.71,0.12,-9.45,Stationary
2024-08-15 10:13:59.038,0.75,0.08,-9.49,Stationary
2024-08-15 10:13:59.051,0.67,0.12,-9.41,Stationary
2024-08-15 10:13:59.077,0.63,0.12,-9.38,Stationary
2024-08-15 10:13:59.123,0.67,0.08,-9.45,Stationary
2024-08-15 10:13:59.128,0.67,0.12,-9.45,Stationary
2024-08-15 10:13:59.134,0.71,0.12,-9.41,Stationary
2024-08-15 10:13:59.134,0.71,0.12,-9.45,Stationary
2024-08-15 10:13:59.141,0.67,0.16,-9.45,Stationary
2024-08-15 10:13:59.141,0.71,0.12,-9.41,Stationary
2024-08-15 10:13:59.147,0.67,0.24,-9.45,Stationary
2024-08-15 10:13:59.171,0.71,0.2,-9.45,Stationary
2024-08-15 10:13:59.175,0.71,0.16,-9.45,Stationary
2024-08-15 10:13:59.184,0.67,0.16,-9.41,Stationary
2024-08-15 10:13:59.193,0.67,0.16,-9.45,Stationary
2024-08-15 10:13:59.220,0.71,0.16,-9.45,Stationary
2024-08-15 10:13:59.224,0.67,0.16,-9.41,Stationary
2024-08-15 10:13:59.231,0.67,0.16,-9.45,Stationary
2024-08-15 10:13:59.256,0.67,0.12,-9.49,Stationary
2024-08-15 10:13:59.273,0.71,0.12,-9.49,Stationary
2024-08-15 10:13:59.273,0.67,0.08,-9.45,Stationary
2024-08-15 10:13:59.281,0.71,0.16,-9.45,Stationary
2024-08-15 10:13:59.298,0.67,0.12,-9.45,Stationary
2024-08-15 10:13:59.303,0.71,0.12,-9.45,Stationary
2024-08-15 10:13:59.314,0.67,0.12,-9.45,Stationary
2024-08-15 10:13:59.336,0.71,0.16,-9.49,Stationary
2024-08-15 10:13:59.341,0.71,0.2,-9.49,Stationary
2024-08-15 10:13:59.347,0.67,0.16,-9.45,Stationary
2024-08-15 10:13:59.380,0.67,0.12,-9.41,Stationary
2024-08-15 10:13:59.386,0.63,0.12,-9.41,Stationary
2024-08-15 10:13:59.386,0.67,0.16,-9.45,Stationary
2024-08-15 10:13:59.417,0.67,0.16,-9.45,Stationary
2024-08-15 10:13:59.420,0.71,0.12,-9.41,Stationary
2024-08-15 10:13:59.442,0.67,0.16,-9.45,Stationary
2024-08-15 10:13:59.447,0.63,0.16,-9.41,Stationary
2024-08-15 10:13:59.447,0.71,0.16,-9.41,Stationary
2024-08-15 10:13:59.465,0.67,0.16,-9.49,Stationary
2024-08-15 10:13:59.484,0.75,0.16,-9.45,Stationary
2024-08-15 10:13:59.488,0.71,0.16,-9.45,Stationary
2024-08-15 10:13:59.497,0.71,0.12,-9.41,Stationary
2024-08-15 10:13:59.506,0.71,0.16,-9.45,Stationary
2024-08-15 10:13:59.531,0.75,0.12,-9.38,Stationary
2024-08-15 10:13:59.535,0.67,0.16,-9.45,Stationary
2024-08-15 10:13:59.541,0.67,0.16,-9.45,Stationary
2024-08-15 10:13:59.573,0.71,0.12,-9.41,Stationary
2024-08-15 10:13:59.598,0.71,0.12,-9.45,Stationary
2024-08-15 10:13:59.598,0.75,0.16,-9.45,Stationary
2024-08-15 10:13:59.609,0.67,0.16,-9.45,Stationary
2024-08-15 10:13:59.613,0.67,0.16,-9.49,Stationary
2024-08-15 10:13:59.619,0.67,0.12,-9.45,Stationary
2024-08-15 10:13:59.626,0.71,0.2,-9.49,Stationary
2024-08-15 10:13:59.653,0.67,0.16,-9.53,Stationary
2024-08-15 10:13:59.657,0.75,0.08,-9.45,Stationary
2024-08-15 10:13:59.664,0.63,0.12,-9.49,Stationary
2024-08-15 10:13:59.691,0.63,0.16,-9.53,Stationary
2024-08-15 10:13:59.696,0.71,0.16,-9.45,Stationary
2024-08-15 10:13:59.706,0.67,0.12,-9.49,Stationary
2024-08-15 10:13:59.712,0.67,0.16,-9.49,Stationary
2024-08-15 10:13:59.739,0.71,0.16,-9.38,Stationary
2024-08-15 10:13:59.742,0.67,0.12,-9.41,Stationary
2024-08-15 10:13:59.750,0.71,0.12,-9.49,Stationary
2024-08-15 10:13:59.774,0.71,0.16,-9.45,Stationary
2024-08-15 10:13:59.790,0.71,0.16,-9.49,Stationary
2024-08-15 10:13:59.790,0.71,0.16,-9.49,Stationary
2024-08-15 10:13:59.796,0.75,0.12,-9.41,Stationary
2024-08-15 10:13:59.820,0.71,0.16,-9.41,Stationary
2024-08-15 10:13:59.824,0.71,0.12,-9.45,Stationary
2024-08-15 10:13:59.830,0.75,0.2,-9.45,Stationary
2024-08-15 10:13:59.860,0.67,0.2,-9.45,Stationary
2024-08-15 10:13:59.864,0.63,0.12,-9.41,Stationary
2024-08-15 10:13:59.873,0.67,0.16,-9.41,Stationary
2024-08-15 10:13:59.897,0.71,0.12,-9.45,Stationary
2024-08-15 10:13:59.900,0.67,0.16,-9.45,Stationary
2024-08-15 10:13:59.909,0.67,0.12,-9.45,Stationary
2024-08-15 10:13:59.915,0.67,0.12,-9.45,Stationary
2024-08-15 10:13:59.941,0.71,0.16,-9.53,Stationary
2024-08-15 10:13:59.946,0.71,0.12,-9.45,Stationary
2024-08-15 10:13:59.953,0.71,0.16,-9.45,Stationary
2024-08-15 10:13:59.980,0.67,0.12,-9.49,Stationary
2024-08-15 10:14:00.001,0.71,0.16,-9.45,Stationary
2024-08-15 10:14:00.001,0.71,0.16,-9.49,Stationary
2024-08-15 10:14:00.008,0.71,0.12,-9.45,Stationary
2024-08-15 10:14:00.019,0.67,0.16,-9.41,Stationary
2024-08-15 10:14:00.023,0.63,0.16,-9.41,Stationary
2024-08-15 10:14:00.035,0.67,0.16,-9.41,Stationary
2024-08-15 10:14:00.060,0.71,0.2,-9.45,Stationary
2024-08-15 10:14:00.064,0.63,0.2,-9.45,Stationary
2024-08-15 10:14:00.075,0.71,0.16,-9.45,Stationary
2024-08-15 10:14:00.100,0.75,0.16,-9.49,Stationary
2024-08-15 10:14:00.106,0.71,0.12,-9.45,Stationary
2024-08-15 10:14:00.106,0.67,0.16,-9.45,Stationary
2024-08-15 10:14:00.114,0.67,0.12,-9.41,Stationary
2024-08-15 10:14:00.148,0.71,0.16,-9.45,Stationary
2024-08-15 10:14:00.151,0.67,0.16,-9.49,Stationary
2024-08-15 10:14:00.158,0.67,0.16,-9.49,Stationary
2024-08-15 10:14:00.183,0.67,0.12,-9.45,Stationary
2024-08-15 10:14:00.187,0.71,0.12,-9.49,Stationary
2024-08-15 10:14:00.187,0.67,0.16,-9.45,Stationary
2024-08-15 10:14:00.204,0.71,0.12,-9.45,Stationary
2024-08-15 10:14:00.228,0.67,0.12,-9.45,Stationary
2024-08-15 10:14:00.232,0.67,0.16,-9.41,Stationary
2024-08-15 10:14:00.239,0.67,0.16,-9.49,Stationary
2024-08-15 10:14:00.267,0.71,0.08,-9.45,Stationary
2024-08-15 10:14:00.272,0.59,0.12,-9.41,Stationary
2024-08-15 10:14:00.281,0.63,0.12,-9.45,Stationary
2024-08-15 10:14:00.288,0.71,0.12,-9.45,Stationary
2024-08-15 10:14:00.313,0.71,0.12,-9.45,Stationary
2024-08-15 10:14:00.363,0.67,0.2,-9.45,Stationary
2024-08-15 10:14:00.403,0.67,0.16,-9.41,Stationary
2024-08-15 10:14:00.406,0.71,0.12,-9.41,Stationary
2024-08-15 10:14:00.413,0.71,0.16,-9.49,Stationary
2024-08-15 10:14:00.413,0.71,0.2,-9.45,Stationary
2024-08-15 10:14:00.420,0.75,0.16,-9.45,Stationary
2024-08-15 10:14:00.420,0.71,0.12,-9.49,Stationary
2024-08-15 10:14:00.430,0.71,0.12,-9.49,Stationary
2024-08-15 10:14:00.433,0.67,0.12,-9.45,Stationary
2024-08-15 10:14:00.439,0.75,0.12,-9.41,Stationary
2024-08-15 10:14:00.439,0.67,0.16,-9.45,Stationary
2024-08-15 10:14:00.446,0.71,0.12,-9.45,Stationary
2024-08-15 10:14:00.471,0.71,0.12,-9.49,Stationary
2024-08-15 10:14:00.475,0.71,0.12,-9.49,Stationary
2024-08-15 10:14:00.482,0.67,0.16,-9.49,Stationary
2024-08-15 10:14:00.491,0.75,0.16,-9.49,Stationary
2024-08-15 10:14:00.518,0.71,0.12,-9.53,Stationary
2024-08-15 10:14:00.521,0.67,0.12,-9.49,Stationary
2024-08-15 10:14:00.530,0.71,0.12,-9.49,Stationary
2024-08-15 10:14:00.534,0.67,0.12,-9.45,Stationary
2024-08-15 10:14:00.563,0.67,0.12,-9.49,Stationary
2024-08-15 10:14:00.567,0.67,0.16,-9.45,Stationary
2024-08-15 10:14:00.574,0.67,0.16,-9.41,Stationary
2024-08-15 10:14:00.611,0.75,0.12,-9.45,Stationary
2024-08-15 10:14:00.615,0.75,0.12,-9.45,Stationary
2024-08-15 10:14:00.628,0.71,0.16,-9.45,Stationary
2024-08-15 10:14:00.628,0.67,0.16,-9.45,Stationary
2024-08-15 10:14:00.661,0.67,0.16,-9.45,Stationary
2024-08-15 10:14:00.661,0.71,0.12,-9.41,Stationary
2024-08-15 10:14:00.667,0.67,0.16,-9.41,Stationary
2024-08-15 10:14:00.667,0.67,0.16,-9.45,Stationary
2024-08-15 10:14:00.697,0.75,0.12,-9.49,Stationary
2024-08-15 10:14:00.727,0.67,0.12,-9.49,Stationary
2024-08-15 10:14:00.727,0.67,0.16,-9.45,Stationary
2024-08-15 10:14:00.734,0.67,0.12,-9.45,Stationary
2024-08-15 10:14:00.734,0.71,0.12,-9.41,Stationary
2024-08-15 10:14:00.758,0.67,0.12,-9.45,Stationary
2024-08-15 10:14:00.761,0.67,0.16,-9.41,Stationary
2024-08-15 10:14:00.769,0.71,0.12,-9.41,Stationary
2024-08-15 10:14:00.800,0.71,0.12,-9.45,Stationary
2024-08-15 10:14:00.812,0.71,0.16,-9.45,Stationary
2024-08-15 10:14:00.818,0.71,0.12,-9.49,Stationary
2024-08-15 10:14:00.841,0.71,0.12,-9.53,Stationary
2024-08-15 10:14:00.844,0.71,0.12,-9.41,Stationary
2024-08-15 10:14:00.851,0.67,0.12,-9.45,Stationary
2024-08-15 10:14:00.851,0.63,0.16,-9.45,Stationary
2024-08-15 10:14:00.878,0.71,0.12,-9.53,Stationary
2024-08-15 10:14:00.886,0.71,0.12,-9.45,Stationary
2024-08-15 10:14:00.886,0.67,0.16,-9.49,Stationary
2024-08-15 10:14:00.893,0.71,0.12,-9.45,Stationary
2024-08-15 10:14:00.924,0.71,0.12,-9.41,Stationary
2024-08-15 10:14:00.928,0.71,0.12,-9.41,Stationary
2024-08-15 10:14:00.936,0.67,0.16,-9.41,Stationary
2024-08-15 10:14:00.964,0.75,0.16,-9.45,Stationary
2024-08-15 10:14:00.968,0.75,0.16,-9.45,Stationary
2024-08-15 10:14:00.974,0.71,0.12,-9.45,Stationary
2024-08-15 10:14:01.000,0.71,0.12,-9.49,Stationary
2024-08-15 10:14:01.004,0.67,0.12,-9.49,Stationary
2024-08-15 10:14:01.035,0.67,0.12,-9.45,Stationary
2024-08-15 10:14:01.035,0.71,0.12,-9.45,Stationary
2024-08-15 10:14:01.042,0.67,0.16,-9.45,Stationary
2024-08-15 10:14:01.048,0.71,0.16,-9.45,Stationary
2024-08-15 10:14:01.071,0.71,0.12,-9.41,Stationary
2024-08-15 10:14:01.097,0.71,0.12,-9.45,Stationary
2024-08-15 10:14:01.097,0.75,0.12,-9.41,Stationary
2024-08-15 10:14:01.097,0.71,0.12,-9.41,Stationary
2024-08-15 10:14:01.104,0.67,0.16,-9.45,Stationary
2024-08-15 10:14:01.131,0.67,0.12,-9.49,Stationary
2024-08-15 10:14:01.135,0.71,0.16,-9.49,Stationary
2024-08-15 10:14:01.142,0.67,0.12,-9.45,Stationary
2024-08-15 10:14:01.155,0.67,0.16,-9.41,Stationary
2024-08-15 10:14:01.159,0.67,0.12,-9.45,Stationary
2024-08-15 10:14:01.189,0.67,0.16,-9.45,Stationary
2024-08-15 10:14:01.193,0.71,0.12,-9.45,Stationary
2024-08-15 10:14:01.201,0.67,0.12,-9.45,Stationary
2024-08-15 10:14:01.228,0.71,0.12,-9.41,Stationary
2024-08-15 10:14:01.230,0.67,0.2,-9.45,Stationary
2024-08-15 10:14:01.237,0.71,0.12,-9.45,Stationary
2024-08-15 10:14:01.262,0.78,0.12,-9.45,Stationary
2024-08-15 10:14:01.267,0.75,0.16,-9.45,Stationary
2024-08-15 10:14:01.272,0.71,0.16,-9.49,Stationary
2024-08-15 10:14:01.278,0.75,0.12,-9.49,Stationary
2024-08-15 10:14:01.308,0.75,0.16,-9.45,Stationary
2024-08-15 10:14:01.312,0.67,0.12,-9.45,Stationary
2024-08-15 10:14:01.318,0.71,0.12,-9.45,Stationary
2024-08-15 10:14:01.348,0.63,0.16,-9.49,Stationary
2024-08-15 10:14:01.352,0.71,0.2,-9.49,Stationary
2024-08-15 10:14:01.359,0.67,0.16,-9.49,Stationary
2024-08-15 10:14:01.384,0.67,0.12,-9.49,Stationary
2024-08-15 10:14:01.387,0.71,0.12,-9.45,Stationary
2024-08-15 10:14:01.397,0.67,0.2,-9.41,Stationary
2024-08-15 10:14:01.404,0.71,0.16,-9.49,Stationary
2024-08-15 10:14:01.428,0.67,0.12,-9.41,Stationary
2024-08-15 10:14:01.461,0.71,0.12,-9.49,Stationary
2024-08-15 10:14:01.465,0.67,0.16,-9.49,Stationary
2024-08-15 10:14:01.465,0.67,0.16,-9.41,Stationary
2024-08-15 10:14:01.474,0.67,0.12,-9.45,Stationary
2024-08-15 10:14:01.474,0.63,0.12,-9.45,Stationary
2024-08-15 10:14:01.490,0.63,0.16,-9.45,Stationary
2024-08-15 10:14:01.493,0.71,0.12,-9.41,Stationary
2024-08-15 10:14:01.523,0.67,0.2,-9.45,Stationary
2024-08-15 10:14:01.528,0.71,0.12,-9.45,Stationary
2024-08-15 10:14:01.538,0.71,0.16,-9.45,Stationary
2024-08-15 10:14:01.563,0.67,0.16,-9.41,Stationary
2024-08-15 10:14:01.570,0.67,0.16,-9.41,Stationary
2024-08-15 10:14:01.570,0.75,0.16,-9.49,Stationary
2024-08-15 10:14:01.601,0.71,0.12,-9.34,Stationary
2024-08-15 10:14:01.605,0.67,0.08,-9.49,Stationary
2024-08-15 10:14:01.612,0.71,0.16,-9.41,Stationary
2024-08-15 10:14:01.618,0.67,0.16,-9.45,Stationary
2024-08-15 10:14:01.644,0.71,0.16,-9.41,Stationary
2024-08-15 10:14:01.682,0.67,0.16,-9.41,Stationary
2024-08-15 10:14:01.685,0.67,0.16,-9.49,Stationary
2024-08-15 10:14:01.694,0.71,0.16,-9.41,Stationary
2024-08-15 10:14:01.694,0.67,0.12,-9.45,Stationary
2024-08-15 10:14:01.694,0.71,0.16,-9.49,Stationary
2024-08-15 10:14:01.703,0.67,0.16,-9.38,Stationary
2024-08-15 10:14:01.730,0.63,0.12,-9.49,Stationary
2024-08-15 10:14:01.734,0.67,0.16,-9.41,Stationary
2024-08-15 10:14:01.746,0.67,0.12,-9.41,Stationary
2024-08-15 10:14:01.749,0.67,0.16,-9.41,Stationary
2024-08-15 10:14:01.761,0.67,0.12,-9.45,Stationary
2024-08-15 10:14:01.788,0.67,0.12,-9.45,Stationary
2024-08-15 10:14:01.820,0.67,0.16,-9.49,Stationary
2024-08-15 10:14:01.823,0.71,0.2,-9.38,Stationary
2024-08-15 10:14:01.823,0.67,0.2,-9.45,Stationary
2024-08-15 10:14:01.830,0.71,0.16,-9.45,Stationary
2024-08-15 10:14:01.834,0.63,0.16,-9.45,Stationary
2024-08-15 10:14:01.860,0.67,0.16,-9.45,Stationary
2024-08-15 10:14:01.864,0.67,0.16,-9.45,Stationary
2024-08-15 10:14:01.870,0.71,0.16,-9.45,Stationary
2024-08-15 10:14:01.883,0.71,0.16,-9.45,Stationary
2024-08-15 10:14:01.891,0.71,0.12,-9.41,Stationary
2024-08-15 10:14:01.930,0.71,0.12,-9.49,Stationary
2024-08-15 10:14:01.934,0.71,0.12,-9.45,Stationary
2024-08-15 10:14:01.941,0.67,0.12,-9.53,Stationary
2024-08-15 10:14:01.973,0.71,0.16,-9.41,Stationary
2024-08-15 10:14:01.980,0.63,0.16,-9.49,Stationary
2024-08-15 10:14:01.980,0.67,0.12,-9.45,Stationary
2024-08-15 10:14:01.986,0.67,0.16,-9.45,Stationary
2024-08-15 10:14:01.993,0.67,0.12,-9.45,Stationary
2024-08-15 10:14:02.020,0.71,0.16,-9.41,Stationary
2024-08-15 10:14:02.023,0.71,0.16,-9.45,Stationary
2024-08-15 10:14:02.031,0.63,0.16,-9.49,Stationary
2024-08-15 10:14:02.057,0.67,0.16,-9.49,Stationary
2024-08-15 10:14:02.061,0.67,0.16,-9.45,Stationary
2024-08-15 10:14:02.067,0.75,0.16,-9.45,Stationary
2024-08-15 10:14:02.071,0.67,0.24,-9.49,Stationary
2024-08-15 10:14:02.100,0.71,0.2,-9.41,Stationary
2024-08-15 10:14:02.111,0.67,0.16,-9.45,Stationary
2024-08-15 10:14:02.116,0.75,0.16,-9.49,Stationary
2024-08-15 10:14:02.121,0.75,0.16,-9.41,Stationary
2024-08-15 10:14:02.149,0.67,0.12,-9.49,Stationary
2024-08-15 10:14:02.185,0.67,0.16,-9.41,Stationary
2024-08-15 10:14:02.191,0.75,0.16,-9.49,Stationary
2024-08-15 10:14:02.191,0.63,0.16,-9.41,Stationary
2024-08-15 10:14:02.198,0.67,0.12,-9.45,Stationary
2024-08-15 10:14:02.198,0.67,0.16,-9.41,Stationary
2024-08-15 10:14:02.214,0.71,0.12,-9.45,Stationary
2024-08-15 10:14:02.218,0.71,0.16,-9.45,Stationary
2024-08-15 10:14:02.248,0.67,0.16,-9.41,Stationary
2024-08-15 10:14:02.252,0.67,0.12,-9.45,Stationary
2024-08-15 10:14:02.257,0.71,0.12,-9.45,Stationary
2024-08-15 10:14:02.264,0.71,0.12,-9.53,Stationary
2024-08-15 10:14:02.290,0.67,0.2,-9.49,Stationary
2024-08-15 10:14:02.299,0.63,0.12,-9.45,Stationary
2024-08-15 10:14:02.301,0.67,0.12,-9.41,Stationary
2024-08-15 10:14:02.331,0.67,0.12,-9.45,Stationary
2024-08-15 10:14:02.335,0.67,0.12,-9.41,Stationary
2024-08-15 10:14:02.340,0.71,0.12,-9.45,Stationary
2024-08-15 10:14:02.368,0.67,0.16,-9.45,Stationary
2024-08-15 10:14:02.371,0.71,0.27,-9.45,Stationary
2024-08-15 10:14:02.379,0.71,0.12,-9.49,Stationary
2024-08-15 10:14:02.384,0.75,0.12,-9.45,Stationary
2024-08-15 10:14:02.413,0.71,0.16,-9.45,Stationary
2024-08-15 10:14:02.421,0.71,0.16,-9.49,Stationary
2024-08-15 10:14:02.421,0.67,0.12,-9.45,Stationary
2024-08-15 10:14:02.435,0.71,0.12,-9.45,Stationary
2024-08-15 10:14:02.460,0.71,0.12,-9.45,Stationary
2024-08-15 10:14:02.464,0.63,0.16,-9.49,Stationary
2024-08-15 10:14:02.472,0.71,0.12,-9.45,Stationary
2024-08-15 10:14:02.479,0.71,0.16,-9.41,Stationary
2024-08-15 10:14:02.508,0.71,0.12,-9.45,Stationary
2024-08-15 10:14:02.511,0.67,0.16,-9.45,Stationary
2024-08-15 10:14:02.519,0.71,0.16,-9.45,Stationary
2024-08-15 10:14:02.545,0.71,0.12,-9.49,Stationary
2024-08-15 10:14:02.566,0.71,0.12,-9.45,Stationary
2024-08-15 10:14:02.566,0.67,0.16,-9.45,Stationary
2024-08-15 10:14:02.572,0.67,0.12,-9.45,Stationary
2024-08-15 10:14:02.579,0.63,0.16,-9.45,Stationary
2024-08-15 10:14:02.604,0.75,0.16,-9.45,Stationary
2024-08-15 10:14:02.608,0.67,0.16,-9.45,Stationary
2024-08-15 10:14:02.608,0.71,0.16,-9.41,Stationary
2024-08-15 10:14:02.623,0.67,0.12,-9.41,Stationary
2024-08-15 10:14:02.633,0.67,0.16,-9.41,Stationary
2024-08-15 10:14:02.666,0.67,0.16,-9.41,Stationary
2024-08-15 10:14:02.670,0.71,0.16,-9.45,Stationary
2024-08-15 10:14:02.676,0.67,0.12,-9.41,Stationary
2024-08-15 10:14:02.703,0.67,0.16,-9.49,Stationary
2024-08-15 10:14:02.707,0.67,0.16,-9.45,Stationary
2024-08-15 10:14:02.714,0.71,0.12,-9.41,Stationary
2024-08-15 10:14:02.725,0.71,0.16,-9.45,Stationary
2024-08-15 10:14:02.748,0.67,0.12,-9.45,Stationary
2024-08-15 10:14:02.755,0.71,0.12,-9.45,Stationary
2024-08-15 10:14:02.755,0.67,0.16,-9.45,Stationary
2024-08-15 10:14:02.788,0.67,0.16,-9.45,Stationary
2024-08-15 10:14:02.791,0.71,0.08,-9.45,Stationary
2024-08-15 10:14:02.797,0.71,0.12,-9.45,Stationary
2024-08-15 10:14:02.823,0.63,0.16,-9.49,Stationary
2024-08-15 10:14:02.827,0.67,0.12,-9.49,Stationary
2024-08-15 10:14:02.835,0.67,0.12,-9.45,Stationary
2024-08-15 10:14:02.840,0.71,0.12,-9.45,Stationary
2024-08-15 10:14:02.870,0.71,0.16,-9.49,Stationary
2024-08-15 10:14:02.875,0.67,0.12,-9.45,Stationary
2024-08-15 10:14:02.881,0.67,0.12,-9.45,Stationary
2024-08-15 10:14:02.886,0.71,0.12,-9.41,Stationary
2024-08-15 10:14:02.916,0.71,0.16,-9.45,Stationary
2024-08-15 10:14:02.963,0.67,0.12,-9.41,Stationary
2024-08-15 10:14:02.986,0.67,0.16,-9.41,Stationary
2024-08-15 10:14:02.986,0.67,0.16,-9.41,Stationary
2024-08-15 10:14:02.992,0.67,0.16,-9.45,Stationary
2024-08-15 10:14:02.992,0.71,0.16,-9.41,Stationary
2024-08-15 10:14:02.992,0.71,0.16,-9.41,Stationary
2024-08-15 10:14:02.999,0.67,0.16,-9.45,Stationary
2024-08-15 10:14:02.999,0.67,0.16,-9.41,Stationary
2024-08-15 10:14:03.006,0.71,0.12,-9.41,Stationary
2024-08-15 10:14:03.035,0.71,0.12,-9.45,Stationary
2024-08-15 10:14:03.064,0.71,0.16,-9.45,Stationary
2024-08-15 10:14:03.071,0.67,0.12,-9.45,Stationary
2024-08-15 10:14:03.071,0.67,0.12,-9.41,Stationary
2024-08-15 10:14:03.071,0.71,0.12,-9.41,Stationary
2024-08-15 10:14:03.079,0.75,0.16,-9.45,Stationary
2024-08-15 10:14:03.107,0.71,0.12,-9.45,Stationary
2024-08-15 10:14:03.111,0.71,0.16,-9.41,Stationary
2024-08-15 10:14:03.118,0.67,0.12,-9.49,Stationary
2024-08-15 10:14:03.148,0.71,0.12,-9.45,Stationary
2024-08-15 10:14:03.154,0.67,0.12,-9.41,Stationary
2024-08-15 10:14:03.154,0.71,0.16,-9.41,Stationary
2024-08-15 10:14:03.184,0.63,0.12,-9.45,Stationary
2024-08-15 10:14:03.189,0.67,0.12,-9.41,Stationary
2024-08-15 10:14:03.189,0.63,0.2,-9.49,Stationary
2024-08-15 10:14:03.202,0.71,0.12,-9.45,Stationary
2024-08-15 10:14:03.228,0.67,0.16,-9.45,Stationary
2024-08-15 10:14:03.231,0.63,0.16,-9.41,Stationary
2024-08-15 10:14:03.262,0.71,0.16,-9.41,Stationary
2024-08-15 10:14:03.266,0.67,0.16,-9.45,Stationary
2024-08-15 10:14:03.266,0.71,0.12,-9.45,Stationary
2024-08-15 10:14:03.273,0.67,0.12,-9.41,Stationary
2024-08-15 10:14:03.296,0.71,0.12,-9.45,Stationary
2024-08-15 10:14:03.317,0.71,0.16,-9.45,Stationary
2024-08-15 10:14:03.317,0.71,0.12,-9.45,Stationary
2024-08-15 10:14:03.323,0.63,0.16,-9.45,Stationary
2024-08-15 10:14:03.349,0.67,0.12,-9.41,Stationary
2024-08-15 10:14:03.352,0.71,0.12,-9.41,Stationary
2024-08-15 10:14:03.361,0.71,0.08,-9.45,Stationary
2024-08-15 10:14:03.387,0.67,0.16,-9.45,Stationary
2024-08-15 10:14:03.392,0.63,0.16,-9.45,Stationary
2024-08-15 10:14:03.401,0.67,0.2,-9.41,Stationary
2024-08-15 10:14:03.423,0.67,0.12,-9.53,Stationary
2024-08-15 10:14:03.427,0.67,0.12,-9.45,Stationary
2024-08-15 10:14:03.433,0.71,0.12,-9.49,Stationary
2024-08-15 10:14:03.441,0.71,0.12,-9.41,Stationary
2024-08-15 10:14:03.473,0.71,0.08,-9.45,Stationary
2024-08-15 10:14:03.477,0.67,0.12,-9.45,Stationary
2024-08-15 10:14:03.483,0.71,0.16,-9.45,Stationary
2024-08-15 10:14:03.487,0.67,0.16,-9.41,Stationary
2024-08-15 10:14:03.517,0.63,0.2,-9.49,Stationary
2024-08-15 10:14:03.522,0.71,0.2,-9.49,Stationary
2024-08-15 10:14:03.528,0.67,0.16,-9.41,Stationary
2024-08-15 10:14:03.556,0.67,0.16,-9.45,Stationary
2024-08-15 10:14:03.561,0.67,0.2,-9.49,Stationary
2024-08-15 10:14:03.567,0.71,0.12,-9.45,Stationary
2024-08-15 10:14:03.591,0.71,0.16,-9.41,Stationary
2024-08-15 10:14:03.622,0.67,0.12,-9.45,Stationary
2024-08-15 10:14:03.622,0.67,0.16,-9.41,Stationary
2024-08-15 10:14:03.628,0.71,0.16,-9.41,Stationary
2024-08-15 10:14:03.628,0.71,0.16,-9.49,Stationary
2024-08-15 10:14:03.633,0.71,0.16,-9.45,Stationary
2024-08-15 10:14:03.660,0.67,0.16,-9.49,Stationary
2024-08-15 10:14:03.663,0.67,0.16,-9.45,Stationary
2024-08-15 10:14:03.668,0.67,0.12,-9.45,Stationary
2024-08-15 10:14:03.692,0.67,0.12,-9.45,Stationary
2024-08-15 10:14:03.706,0.75,0.2,-9.45,Stationary
2024-08-15 10:14:03.706,0.63,0.16,-9.49,Stationary
2024-08-15 10:14:03.734,0.71,0.12,-9.45,Stationary
2024-08-15 10:14:03.737,0.71,0.12,-9.49,Stationary
2024-08-15 10:14:03.743,0.67,0.12,-9.45,Stationary
2024-08-15 10:14:03.773,0.67,0.12,-9.45,Stationary
2024-08-15 10:14:03.776,0.71,0.12,-9.49,Stationary
2024-08-15 10:14:03.782,0.67,0.12,-9.45,Stationary
2024-08-15 10:14:03.788,0.71,0.12,-9.45,Stationary
2024-08-15 10:14:03.818,0.71,0.12,-9.45,Stationary
2024-08-15 10:14:03.821,0.71,0.08,-9.45,Stationary
2024-08-15 10:14:03.828,0.67,0.16,-9.45,Stationary
2024-08-15 10:14:03.855,0.67,0.16,-9.53,Stationary
2024-08-15 10:14:03.860,0.71,0.12,-9.49,Stationary
2024-08-15 10:14:03.860,0.71,0.2,-9.41,Stationary
2024-08-15 10:14:03.870,0.67,0.16,-9.49,Stationary
2024-08-15 10:14:03.900,0.59,0.16,-9.49,Stationary
2024-08-15 10:14:03.904,0.67,0.16,-9.45,Stationary
2024-08-15 10:14:03.912,0.67,0.16,-9.49,Stationary
2024-08-15 10:14:03.939,0.67,0.12,-9.41,Stationary
2024-08-15 10:14:03.943,0.67,0.12,-9.45,Stationary
2024-08-15 10:14:03.948,0.67,0.12,-9.41,Stationary
2024-08-15 10:14:03.975,0.67,0.2,-9.45,Stationary
2024-08-15 10:14:03.978,0.71,0.16,-9.41,Stationary
2024-08-15 10:14:03.984,0.67,0.16,-9.45,Stationary
2024-08-15 10:14:03.989,0.71,0.12,-9.49,Stationary
2024-08-15 10:14:04.020,0.67,0.12,-9.45,Stationary
2024-08-15 10:14:04.044,0.63,0.08,-9.49,Stationary
2024-08-15 10:14:04.044,0.67,0.12,-9.49,Stationary
2024-08-15 10:14:04.051,0.63,0.16,-9.41,Stationary
2024-08-15 10:14:04.051,0.71,0.12,-9.41,Stationary
2024-08-15 10:14:04.083,0.71,0.16,-9.49,Stationary
2024-08-15 10:14:04.086,0.67,0.12,-9.45,Stationary
2024-08-15 10:14:04.093,0.63,0.2,-9.45,Stationary
2024-08-15 10:14:04.100,0.67,0.16,-9.41,Stationary
2024-08-15 10:14:04.110,0.71,0.2,-9.45,Stationary
2024-08-15 10:14:04.142,0.71,0.24,-9.45,Stationary
2024-08-15 10:14:04.144,0.67,0.16,-9.45,Stationary
2024-08-15 10:14:04.150,0.71,0.12,-9.45,Stationary
2024-08-15 10:14:04.180,0.71,0.12,-9.41,Stationary
2024-08-15 10:14:04.184,0.71,0.12,-9.49,Stationary
2024-08-15 10:14:04.191,0.71,0.16,-9.49,Stationary
2024-08-15 10:14:04.217,0.67,0.12,-9.53,Stationary
2024-08-15 10:14:04.265,0.71,0.16,-9.41,Stationary
2024-08-15 10:14:04.269,0.67,0.16,-9.49,Stationary
2024-08-15 10:14:04.276,0.67,0.2,-9.41,Stationary
2024-08-15 10:14:04.276,0.67,0.16,-9.45,Stationary
2024-08-15 10:14:04.284,0.67,0.16,-9.45,Stationary
2024-08-15 10:14:04.284,0.71,0.16,-9.41,Stationary
2024-08-15 10:14:04.284,0.67,0.12,-9.53,Stationary
2024-08-15 10:14:04.312,0.67,0.16,-9.45,Stationary
2024-08-15 10:14:04.316,0.75,0.12,-9.49,Stationary
2024-08-15 10:14:04.322,0.71,0.12,-9.45,Stationary
2024-08-15 10:14:04.325,0.71,0.12,-9.45,Stationary
2024-08-15 10:14:04.357,0.71,0.12,-9.45,Stationary
2024-08-15 10:14:04.360,0.71,0.16,-9.49,Stationary
2024-08-15 10:14:04.366,0.67,0.12,-9.49,Stationary
2024-08-15 10:14:04.395,0.67,0.12,-9.49,Stationary
2024-08-15 10:14:04.414,0.67,0.12,-9.45,Stationary
2024-08-15 10:14:04.414,0.67,0.2,-9.45,Stationary
2024-08-15 10:14:04.420,0.67,0.16,-9.45,Stationary
2024-08-15 10:14:04.428,0.67,0.16,-9.41,Stationary
2024-08-15 10:14:04.442,0.67,0.16,-9.41,Stationary
2024-08-15 10:14:04.445,0.71,0.08,-9.45,Stationary
2024-08-15 10:14:04.477,0.75,0.12,-9.49,Stationary
2024-08-15 10:14:04.481,0.67,0.16,-9.45,Stationary
2024-08-15 10:14:04.488,0.71,0.12,-9.49,Stationary
2024-08-15 10:14:04.516,0.71,0.12,-9.45,Stationary
2024-08-15 10:14:04.519,0.67,0.12,-9.41,Stationary
2024-08-15 10:14:04.519,0.71,0.12,-9.49,Stationary
2024-08-15 10:14:04.561,0.71,0.16,-9.38,Stationary
2024-08-15 10:14:04.564,0.71,0.12,-9.45,Stationary
2024-08-15 10:14:04.572,0.71,0.16,-9.49,Stationary
2024-08-15 10:14:04.572,0.67,0.12,-9.45,Stationary
2024-08-15 10:14:04.597,0.67,0.08,-9.41,Stationary
2024-08-15 10:14:04.603,0.75,0.16,-9.45,Stationary
2024-08-15 10:14:04.603,0.71,0.16,-9.45,Stationary
2024-08-15 10:14:04.636,0.67,0.16,-9.45,Stationary
2024-08-15 10:14:04.640,0.67,0.16,-9.41,Stationary
2024-08-15 10:14:04.649,0.67,0.16,-9.41,Stationary
2024-08-15 10:14:04.658,0.63,0.12,-9.45,Stationary
2024-08-15 10:14:04.683,0.67,0.12,-9.41,Stationary
2024-08-15 10:14:04.688,0.71,0.12,-9.45,Stationary
2024-08-15 10:14:04.688,0.71,0.16,-9.45,Stationary
2024-08-15 10:14:04.720,0.67,0.12,-9.41,Stationary
2024-08-15 10:14:04.724,0.67,0.12,-9.41,Stationary
2024-08-15 10:14:04.724,0.63,0.16,-9.49,Stationary
2024-08-15 10:14:04.737,0.71,0.16,-9.45,Stationary
2024-08-15 10:14:04.778,0.75,0.12,-9.41,Stationary
2024-08-15 10:14:04.781,0.67,0.2,-9.41,Stationary
2024-08-15 10:14:04.787,0.71,0.16,-9.45,Stationary
2024-08-15 10:14:04.787,0.71,0.12,-9.41,Stationary
2024-08-15 10:14:04.816,0.67,0.12,-9.45,Stationary
2024-08-15 10:14:04.820,0.71,0.12,-9.45,Stationary
2024-08-15 10:14:04.826,0.67,0.12,-9.45,Stationary
2024-08-15 10:14:04.830,0.71,0.12,-9.45,Stationary
2024-08-15 10:14:04.855,0.67,0.16,-9.45,Stationary
2024-08-15 10:14:04.880,0.67,0.12,-9.49,Stationary
2024-08-15 10:14:04.880,0.67,0.12,-9.45,Stationary
2024-08-15 10:14:04.887,0.71,0.16,-9.45,Stationary
2024-08-15 10:14:04.913,0.75,0.16,-9.45,Stationary
2024-08-15 10:14:04.916,0.67,0.12,-9.49,Stationary
2024-08-15 10:14:04.922,0.71,0.12,-9.41,Stationary
2024-08-15 10:14:04.928,0.67,0.12,-9.45,Stationary
2024-08-15 10:14:04.959,0.63,0.16,-9.49,Stationary
2024-08-15 10:14:04.962,0.67,0.16,-9.45,Stationary
2024-08-15 10:14:04.969,0.71,0.12,-9.49,Stationary
2024-08-15 10:14:04.975,0.67,0.16,-9.45,Stationary
2024-08-15 10:14:05.004,0.67,0.16,-9.45,Stationary
2024-08-15 10:14:05.007,0.67,0.16,-9.41,Stationary
2024-08-15 10:14:05.016,0.67,0.16,-9.45,Stationary
2024-08-15 10:14:05.044,0.71,0.2,-9.41,Stationary
2024-08-15 10:14:05.048,0.71,0.16,-9.49,Stationary
2024-08-15 10:14:05.054,0.67,0.16,-9.49,Stationary
2024-08-15 10:14:05.061,0.71,0.12,-9.41,Stationary
2024-08-15 10:14:05.090,0.67,0.16,-9.45,Stationary
2024-08-15 10:14:05.094,0.67,0.12,-9.38,Stationary
2024-08-15 10:14:05.106,0.67,0.12,-9.49,Stationary
2024-08-15 10:14:05.126,0.63,0.16,-9.41,Stationary
2024-08-15 10:14:05.153,0.67,0.16,-9.45,Stationary
2024-08-15 10:14:05.153,0.67,0.16,-9.45,Stationary
2024-08-15 10:14:05.159,0.63,0.12,-9.53,Stationary
2024-08-15 10:14:05.159,0.67,0.12,-9.49,Stationary
2024-08-15 10:14:05.175,0.71,0.12,-9.49,Stationary
2024-08-15 10:14:05.179,0.71,0.12,-9.45,Stationary
2024-08-15 10:14:05.212,0.75,0.12,-9.45,Stationary
2024-08-15 10:14:05.215,0.75,0.12,-9.45,Stationary
2024-08-15 10:14:05.222,0.67,0.16,-9.45,Stationary
2024-08-15 10:14:05.248,0.67,0.12,-9.45,Stationary
2024-08-15 10:14:05.252,0.67,0.16,-9.49,Stationary
2024-08-15 10:14:05.258,0.67,0.12,-9.45,Stationary
2024-08-15 10:14:05.267,0.67,0.12,-9.38,Stationary
2024-08-15 10:14:05.291,0.67,0.16,-9.41,Stationary
2024-08-15 10:14:05.296,0.71,0.16,-9.49,Stationary
2024-08-15 10:14:05.296,0.75,0.08,-9.45,Stationary
2024-08-15 10:14:05.332,0.71,0.12,-9.41,Stationary
2024-08-15 10:14:05.336,0.67,0.16,-9.41,Stationary
2024-08-15 10:14:05.346,0.67,0.12,-9.41,Stationary
2024-08-15 10:14:05.346,0.71,0.16,-9.45,Stationary
2024-08-15 10:14:05.378,0.71,0.12,-9.45,Stationary
2024-08-15 10:14:05.387,0.67,0.12,-9.49,Stationary
2024-08-15 10:14:05.387,0.71,0.16,-9.45,Stationary
2024-08-15 10:14:05.417,0.71,0.08,-9.49,Stationary
2024-08-15 10:14:05.421,0.71,0.12,-9.49,Stationary
2024-08-15 10:14:05.432,0.67,0.16,-9.45,Stationary
2024-08-15 10:14:05.432,0.71,0.16,-9.45,Stationary
2024-08-15 10:14:05.459,0.67,0.12,-9.45,Stationary
2024-08-15 10:14:05.505,0.71,0.16,-9.49,Stationary
2024-08-15 10:14:05.510,0.67,0.16,-9.45,Stationary
2024-08-15 10:14:05.518,0.71,0.12,-9.49,Stationary
2024-08-15 10:14:05.518,0.67,0.16,-9.45,Stationary
2024-08-15 10:14:05.518,0.63,0.12,-9.45,Stationary
2024-08-15 10:14:05.524,0.67,0.12,-9.45,Stationary
2024-08-15 10:14:05.531,0.67,0.12,-9.45,Stationary
2024-08-15 10:14:05.554,0.67,0.12,-9.45,Stationary
2024-08-15 10:14:05.560,0.67,0.12,-9.45,Stationary
2024-08-15 10:14:05.583,0.71,0.16,-9.45,Stationary
2024-08-15 10:14:05.598,0.67,0.12,-9.45,Stationary
2024-08-15 10:14:05.598,0.71,0.16,-9.49,Stationary
2024-08-15 10:14:05.608,0.71,0.16,-9.45,Stationary
2024-08-15 10:14:05.629,0.71,0.12,-9.45,Stationary
2024-08-15 10:14:05.634,0.71,0.12,-9.45,Stationary
2024-08-15 10:14:05.634,0.71,0.12,-9.45,Stationary
2024-08-15 10:14:05.651,0.71,0.16,-9.49,Stationary
2024-08-15 10:14:05.656,0.67,0.12,-9.41,Stationary
2024-08-15 10:14:05.690,0.71,0.16,-9.41,Stationary
2024-08-15 10:14:05.695,0.75,0.12,-9.41,Stationary
2024-08-15 10:14:05.704,0.67,0.12,-9.45,Stationary
2024-08-15 10:14:05.711,0.67,0.12,-9.49,Stationary
2024-08-15 10:14:05.739,0.67,0.12,-9.41,Stationary
2024-08-15 10:14:05.742,0.67,0.16,-9.45,Stationary
2024-08-15 10:14:05.751,0.67,0.12,-9.45,Stationary
2024-08-15 10:14:05.775,0.67,0.12,-9.45,Stationary
2024-08-15 10:14:05.779,0.67,0.16,-9.49,Stationary
2024-08-15 10:14:05.785,0.67,0.12,-9.49,Stationary
2024-08-15 10:14:05.792,0.71,0.2,-9.45,Stationary
2024-08-15 10:14:05.821,0.75,0.16,-9.45,Stationary
2024-08-15 10:14:05.826,0.67,0.12,-9.45,Stationary
2024-08-15 10:14:05.826,0.71,0.12,-9.45,Stationary
2024-08-15 10:14:05.841,0.67,0.16,-9.45,Stationary
2024-08-15 10:14:05.868,0.63,0.2,-9.45,Stationary
2024-08-15 10:14:05.898,0.71,0.16,-9.45,Stationary
2024-08-15 10:14:05.898,0.67,0.16,-9.45,Stationary
2024-08-15 10:14:05.905,0.71,0.12,-9.53,Stationary
2024-08-15 10:14:05.905,0.71,0.12,-9.41,Stationary
2024-08-15 10:14:05.918,0.71,0.16,-9.41,Stationary
2024-08-15 10:14:05.927,0.75,0.12,-9.38,Stationary
2024-08-15 10:14:05.954,0.67,0.16,-9.45,Stationary
2024-08-15 10:14:05.957,0.71,0.12,-9.45,Stationary
2024-08-15 10:14:05.965,0.67,0.16,-9.45,Stationary
2024-08-15 10:14:05.990,0.67,0.16,-9.49,Stationary
2024-08-15 10:14:05.993,0.71,0.16,-9.49,Stationary
2024-08-15 10:14:06.002,0.63,0.16,-9.45,Stationary
2024-08-15 10:14:06.007,0.67,0.12,-9.41,Stationary
2024-08-15 10:14:06.040,0.71,0.12,-9.45,Stationary
2024-08-15 10:14:06.056,0.67,0.16,-9.41,Stationary
2024-08-15 10:14:06.060,0.63,0.16,-9.41,Stationary
2024-08-15 10:14:06.092,0.75,0.12,-9.45,Stationary
2024-08-15 10:14:06.092,0.67,0.12,-9.45,Stationary
2024-08-15 10:14:06.098,0.67,0.16,-9.45,Stationary
2024-08-15 10:14:06.098,0.71,0.16,-9.49,Stationary
2024-08-15 10:14:06.104,0.67,0.16,-9.38,Stationary
2024-08-15 10:14:06.131,0.71,0.12,-9.45,Stationary
2024-08-15 10:14:06.142,0.71,0.16,-9.49,Stationary
2024-08-15 10:14:06.142,0.71,0.12,-9.38,Stationary
2024-08-15 10:14:06.155,0.71,0.08,-9.49,Stationary
2024-08-15 10:14:06.179,0.67,0.16,-9.45,Stationary
2024-08-15 10:14:06.183,0.63,0.2,-9.41,Stationary
2024-08-15 10:14:06.191,0.63,0.16,-9.45,Stationary
2024-08-15 10:14:06.210,0.75,0.08,-9.41,Stationary
2024-08-15 10:14:06.214,0.67,0.16,-9.45,Stationary
2024-08-15 10:14:06.222,0.67,0.16,-9.41,Stationary
2024-08-15 10:14:06.252,0.71,0.12,-9.49,Stationary
2024-08-15 10:14:06.255,0.71,0.12,-9.49,Stationary
2024-08-15 10:14:06.262,0.67,0.16,-9.49,Stationary
2024-08-15 10:14:06.288,0.67,0.16,-9.41,Stationary
2024-08-15 10:14:06.302,0.71,0.2,-9.41,Stationary
2024-08-15 10:14:06.302,0.71,0.12,-9.45,Stationary
2024-08-15 10:14:06.307,0.71,0.16,-9.49,Stationary
2024-08-15 10:14:06.337,0.71,0.12,-9.49,Stationary
2024-08-15 10:14:06.343,0.71,0.16,-9.41,Stationary
2024-08-15 10:14:06.343,0.67,0.16,-9.45,Stationary
2024-08-15 10:14:06.374,0.67,0.12,-9.49,Stationary
2024-08-15 10:14:06.377,0.71,0.12,-9.41,Stationary
2024-08-15 10:14:06.384,0.71,0.16,-9.41,Stationary
2024-08-15 10:14:06.413,0.75,0.12,-9.45,Stationary
2024-08-15 10:14:06.416,0.71,0.12,-9.45,Stationary
2024-08-15 10:14:06.424,0.71,0.16,-9.45,Stationary
2024-08-15 10:14:06.430,0.67,0.12,-9.49,Stationary
2024-08-15 10:14:06.459,0.71,0.12,-9.45,Stationary
2024-08-15 10:14:06.463,0.71,0.16,-9.45,Stationary
2024-08-15 10:14:06.470,0.71,0.16,-9.49,Stationary
2024-08-15 10:14:06.495,0.67,0.12,-9.45,Stationary
2024-08-15 10:14:06.499,0.67,0.12,-9.41,Stationary
2024-08-15 10:14:06.506,0.67,0.12,-9.38,Stationary
2024-08-15 10:14:06.513,0.71,0.16,-9.41,Stationary
2024-08-15 10:14:06.540,0.67,0.16,-9.45,Stationary
2024-08-15 10:14:06.544,0.71,0.12,-9.45,Stationary
2024-08-15 10:14:06.551,0.71,0.08,-9.45,Stationary
2024-08-15 10:14:06.579,0.71,0.12,-9.45,Stationary
2024-08-15 10:14:06.583,0.63,0.2,-9.41,Stationary
2024-08-15 10:14:06.608,0.67,0.16,-9.49,Stationary
2024-08-15 10:14:06.626,0.67,0.12,-9.45,Stationary
2024-08-15 10:14:06.626,0.71,0.12,-9.49,Stationary
2024-08-15 10:14:06.631,0.71,0.12,-9.41,Stationary
2024-08-15 10:14:06.644,0.67,0.12,-9.45,Stationary
2024-08-15 10:14:06.644,0.67,0.16,-9.45,Stationary
2024-08-15 10:14:06.675,0.71,0.16,-9.45,Stationary
2024-08-15 10:14:06.679,0.71,0.16,-9.41,Stationary
2024-08-15 10:14:06.687,0.71,0.12,-9.41,Stationary
2024-08-15 10:14:06.711,0.67,0.12,-9.45,Stationary
2024-08-15 10:14:06.716,0.75,0.12,-9.45,Stationary
2024-08-15 10:14:06.722,0.67,0.12,-9.45,Stationary
2024-08-15 10:14:06.728,0.71,0.12,-9.45,Stationary
2024-08-15 10:14:06.759,0.67,0.16,-9.45,Stationary
2024-08-15 10:14:06.764,0.71,0.12,-9.49,Stationary
2024-08-15 10:14:06.764,0.71,0.2,-9.49,Stationary
2024-08-15 10:14:06.774,0.67,0.12,-9.49,Stationary
2024-08-15 10:14:06.804,0.67,0.16,-9.45,Stationary
2024-08-15 10:14:06.846,0.63,0.12,-9.49,Stationary
2024-08-15 10:14:06.850,0.71,0.12,-9.45,Stationary
2024-08-15 10:14:06.856,0.71,0.16,-9.45,Stationary
2024-08-15 10:14:06.856,0.67,0.16,-9.49,Stationary
2024-08-15 10:14:06.863,0.75,0.12,-9.45,Stationary
2024-08-15 10:14:06.863,0.63,0.16,-9.45,Stationary
2024-08-15 10:14:06.892,0.71,0.12,-9.45,Stationary
2024-08-15 10:14:06.895,0.71,0.16,-9.45,Stationary
2024-08-15 10:14:06.902,0.67,0.16,-9.45,Stationary
2024-08-15 10:14:06.907,0.71,0.12,-9.45,Stationary
2024-08-15 10:14:06.938,0.75,0.2,-9.45,Stationary
2024-08-15 10:14:06.976,0.67,0.16,-9.49,Stationary
2024-08-15 10:14:06.980,0.75,0.12,-9.45,Stationary
2024-08-15 10:14:06.986,0.71,0.12,-9.45,Stationary
2024-08-15 10:14:06.986,0.67,0.16,-9.49,Stationary
2024-08-15 10:14:06.992,0.63,0.16,-9.49,Stationary
2024-08-15 10:14:06.992,0.71,0.12,-9.49,Stationary
2024-08-15 10:14:07.020,0.67,0.12,-9.41,Stationary
2024-08-15 10:14:07.024,0.67,0.12,-9.45,Stationary
2024-08-15 10:14:07.031,0.71,0.16,-9.45,Stationary
2024-08-15 10:14:07.042,0.67,0.16,-9.45,Stationary
2024-08-15 10:14:07.051,0.67,0.16,-9.41,Stationary
2024-08-15 10:14:07.080,0.67,0.12,-9.45,Stationary
2024-08-15 10:14:07.084,0.67,0.16,-9.45,Stationary
2024-08-15 10:14:07.091,0.71,0.12,-9.49,Stationary
2024-08-15 10:14:07.117,0.67,0.12,-9.45,Stationary
2024-08-15 10:14:07.121,0.67,0.08,-9.45,Stationary
2024-08-15 10:14:07.128,0.71,0.12,-9.41,Stationary
2024-08-15 10:14:07.137,0.67,0.16,-9.45,Stationary
2024-08-15 10:14:07.164,0.67,0.16,-9.41,Stationary
2024-08-15 10:14:07.168,0.71,0.12,-9.45,Stationary
2024-08-15 10:14:07.176,0.71,0.12,-9.45,Stationary
2024-08-15 10:14:07.204,0.71,0.12,-9.49,Stationary
2024-08-15 10:14:07.208,0.71,0.12,-9.45,Stationary
2024-08-15 10:14:07.214,0.67,0.12,-9.45,Stationary
2024-08-15 10:14:07.240,0.71,0.24,-9.41,Stationary
2024-08-15 10:14:07.244,0.67,0.16,-9.45,Stationary
2024-08-15 10:14:07.252,0.67,0.12,-9.45,Stationary
2024-08-15 10:14:07.257,0.71,0.12,-9.41,Stationary
2024-08-15 10:14:07.285,0.67,0.2,-9.45,Stationary
2024-08-15 10:14:07.288,0.67,0.16,-9.41,Stationary
2024-08-15 10:14:07.294,0.71,0.16,-9.45,Stationary
2024-08-15 10:14:07.324,0.71,0.16,-9.49,Stationary
2024-08-15 10:14:07.345,0.71,0.16,-9.45,Stationary
2024-08-15 10:14:07.374,0.67,0.16,-9.45,Stationary
2024-08-15 10:14:07.377,0.67,0.12,-9.45,Stationary
2024-08-15 10:14:07.383,0.67,0.16,-9.45,Stationary
2024-08-15 10:14:07.383,0.71,0.16,-9.45,Stationary
2024-08-15 10:14:07.388,0.71,0.12,-9.45,Stationary
2024-08-15 10:14:07.389,0.67,0.12,-9.49,Stationary
2024-08-15 10:14:07.418,0.67,0.12,-9.45,Stationary
2024-08-15 10:14:07.449,0.71,0.16,-9.49,Stationary
2024-08-15 10:14:07.449,0.71,0.16,-9.45,Stationary
2024-08-15 10:14:07.455,0.71,0.16,-9.49,Stationary
2024-08-15 10:14:07.455,0.67,0.16,-9.41,Stationary
2024-08-15 10:14:07.460,0.67,0.12,-9.45,Stationary
2024-08-15 10:14:07.492,0.67,0.16,-9.45,Stationary
2024-08-15 10:14:07.496,0.67,0.16,-9.49,Stationary
2024-08-15 10:14:07.502,0.71,0.16,-9.41,Stationary
2024-08-15 10:14:07.506,0.67,0.12,-9.41,Stationary
2024-08-15 10:14:07.541,0.67,0.16,-9.41,Stationary
2024-08-15 10:14:07.544,0.71,0.08,-9.45,Stationary
2024-08-15 10:14:07.551,0.67,0.2,-9.49,Stationary
2024-08-15 10:14:07.577,0.67,0.2,-9.45,Stationary
2024-08-15 10:14:07.580,0.67,0.12,-9.49,Stationary
2024-08-15 10:14:07.587,0.67,0.16,-9.41,Stationary
2024-08-15 10:14:07.592,0.75,0.16,-9.53,Stationary
2024-08-15 10:14:07.621,0.67,0.12,-9.45,Stationary
2024-08-15 10:14:07.624,0.71,0.08,-9.41,Stationary
2024-08-15 10:14:07.630,0.63,0.16,-9.45,Stationary
2024-08-15 10:14:07.659,0.71,0.16,-9.45,Stationary
2024-08-15 10:14:07.663,0.71,0.12,-9.45,Stationary
2024-08-15 10:14:07.672,0.75,0.08,-9.49,Stationary
2024-08-15 10:14:07.694,0.71,0.16,-9.45,Stationary
2024-08-15 10:14:07.719,0.71,0.12,-9.45,Stationary
2024-08-15 10:14:07.719,0.67,0.12,-9.45,Stationary
2024-08-15 10:14:07.724,0.71,0.12,-9.45,Stationary
2024-08-15 10:14:07.724,0.71,0.16,-9.45,Stationary
2024-08-15 10:14:07.757,0.71,0.12,-9.45,Stationary
2024-08-15 10:14:07.761,0.71,0.16,-9.41,Stationary
2024-08-15 10:14:07.761,0.67,0.12,-9.41,Stationary
2024-08-15 10:14:07.785,0.67,0.12,-9.41,Stationary
2024-08-15 10:14:07.786,0.67,0.16,-9.41,Stationary
2024-08-15 10:14:07.814,0.71,0.12,-9.45,Stationary
2024-08-15 10:14:07.819,0.71,0.12,-9.45,Stationary
2024-08-15 10:14:07.827,0.67,0.16,-9.41,Stationary
2024-08-15 10:14:07.834,0.67,0.12,-9.41,Stationary
2024-08-15 10:14:07.860,0.63,0.16,-9.45,Stationary
2024-08-15 10:14:07.864,0.67,0.24,-9.45,Stationary
2024-08-15 10:14:07.872,0.71,0.16,-9.49,Stationary
2024-08-15 10:14:07.899,0.67,0.12,-9.45,Stationary
2024-08-15 10:14:07.903,0.67,0.16,-9.45,Stationary
2024-08-15 10:14:07.911,0.67,0.12,-9.41,Stationary
2024-08-15 10:14:07.935,0.71,0.16,-9.45,Stationary
2024-08-15 10:14:07.939,0.67,0.12,-9.45,Stationary
2024-08-15 10:14:07.946,0.71,0.12,-9.45,Stationary
2024-08-15 10:14:07.952,0.67,0.12,-9.41,Stationary
2024-08-15 10:14:07.980,0.67,0.16,-9.53,Stationary
2024-08-15 10:14:07.989,0.67,0.16,-9.53,Stationary
2024-08-15 10:14:07.989,0.67,0.12,-9.38,Stationary
2024-08-15 10:14:08.003,0.67,0.16,-9.45,Stationary
2024-08-15 10:14:08.028,0.63,0.16,-9.49,Stationary
2024-08-15 10:14:08.032,0.71,0.16,-9.53,Stationary
2024-08-15 10:14:08.039,0.67,0.16,-9.41,Stationary
2024-08-15 10:14:08.061,0.67,0.16,-9.45,Stationary
2024-08-15 10:14:08.113,0.67,0.12,-9.49,Stationary
2024-08-15 10:14:08.139,0.67,0.12,-9.45,Stationary
2024-08-15 10:14:08.139,0.71,0.12,-9.45,Stationary
2024-08-15 10:14:08.145,0.67,0.2,-9.41,Stationary
2024-08-15 10:14:08.145,0.71,0.12,-9.49,Stationary
2024-08-15 10:14:08.145,0.71,0.12,-9.45,Stationary
2024-08-15 10:14:08.152,0.67,0.16,-9.45,Stationary
2024-08-15 10:14:08.152,0.67,0.16,-9.45,Stationary
2024-08-15 10:14:08.163,0.67,0.24,-9.41,Stationary
2024-08-15 10:14:08.185,0.75,0.08,-9.45,Stationary
2024-08-15 10:14:08.195,0.71,0.16,-9.45,Stationary
2024-08-15 10:14:08.195,0.71,0.16,-9.45,Stationary
2024-08-15 10:14:08.223,0.71,0.16,-9.41,Stationary
2024-08-15 10:14:08.228,0.67,0.16,-9.45,Stationary
2024-08-15 10:14:08.236,0.63,0.16,-9.45,Stationary
2024-08-15 10:14:08.241,0.67,0.16,-9.49,Stationary
2024-08-15 10:14:08.256,0.75,0.08,-9.45,Stationary
2024-08-15 10:14:08.268,0.71,0.12,-9.49,Stationary
2024-08-15 10:14:08.293,0.71,0.16,-9.45,Stationary
2024-08-15 10:14:08.302,0.67,0.12,-9.49,Stationary
2024-08-15 10:14:08.302,0.67,0.16,-9.45,Stationary
2024-08-15 10:14:08.316,0.71,0.12,-9.49,Stationary
2024-08-15 10:14:08.341,0.71,0.12,-9.45,Stationary
2024-08-15 10:14:08.344,0.67,0.12,-9.49,Stationary
2024-08-15 10:14:08.350,0.67,0.12,-9.49,Stationary
2024-08-15 10:14:08.379,0.67,0.16,-9.38,Stationary
2024-08-15 10:14:08.382,0.71,0.12,-9.49,Stationary
2024-08-15 10:14:08.389,0.63,0.16,-9.41,Stationary
2024-08-15 10:14:08.415,0.67,0.16,-9.45,Stationary
2024-08-15 10:14:08.445,0.71,0.12,-9.49,Stationary
2024-08-15 10:14:08.467,0.67,0.12,-9.45,Stationary
2024-08-15 10:14:08.471,0.67,0.12,-9.45,Stationary
2024-08-15 10:14:08.476,0.71,0.12,-9.45,Stationary
2024-08-15 10:14:08.482,0.75,0.2,-9.41,Stationary
2024-08-15 10:14:08.482,0.67,0.12,-9.41,Stationary
2024-08-15 10:14:08.482,0.75,0.12,-9.45,Stationary
2024-08-15 10:14:08.512,0.67,0.12,-9.45,Stationary
2024-08-15 10:14:08.515,0.63,0.16,-9.41,Stationary
2024-08-15 10:14:08.520,0.63,0.12,-9.45,Stationary
2024-08-15 10:14:08.525,0.67,0.12,-9.49,Stationary
2024-08-15 10:14:08.553,0.71,0.16,-9.41,Stationary
2024-08-15 10:14:08.555,0.67,0.12,-9.41,Stationary
2024-08-15 10:14:08.566,0.67,0.16,-9.49,Stationary
2024-08-15 10:14:08.595,0.67,0.12,-9.41,Stationary
2024-08-15 10:14:08.598,0.67,0.12,-9.41,Stationary
2024-08-15 10:14:08.607,0.71,0.12,-9.45,Stationary
2024-08-15 10:14:08.614,0.67,0.16,-9.49,Stationary
2024-08-15 10:14:08.643,0.71,0.16,-9.45,Stationary
2024-08-15 10:14:08.673,0.71,0.16,-9.41,Stationary
2024-08-15 10:14:08.677,0.67,0.12,-9.41,Stationary
2024-08-15 10:14:08.683,0.71,0.08,-9.45,Stationary
2024-08-15 10:14:08.690,0.71,0.12,-9.49,Stationary
2024-08-15 10:14:08.690,0.67,0.16,-9.41,Stationary
2024-08-15 10:14:08.696,0.67,0.2,-9.41,Stationary
2024-08-15 10:14:08.722,0.67,0.12,-9.49,Stationary
2024-08-15 10:14:08.748,0.75,0.12,-9.49,Stationary
2024-08-15 10:14:08.748,0.71,0.12,-9.45,Stationary
2024-08-15 10:14:08.755,0.67,0.16,-9.49,Stationary
2024-08-15 10:14:08.777,0.67,0.16,-9.45,Stationary
2024-08-15 10:14:08.781,0.67,0.2,-9.45,Stationary
2024-08-15 10:14:08.787,0.71,0.16,-9.41,Stationary
2024-08-15 10:14:08.795,0.75,0.12,-9.45,Stationary
2024-08-15 10:14:08.817,0.71,0.2,-9.53,Stationary
2024-08-15 10:14:08.829,0.67,0.2,-9.45,Stationary
2024-08-15 10:14:08.829,0.67,0.12,-9.45,Stationary
2024-08-15 10:14:08.860,0.71,0.16,-9.49,Stationary
2024-08-15 10:14:08.863,0.71,0.12,-9.45,Stationary
2024-08-15 10:14:08.869,0.71,0.16,-9.49,Stationary
2024-08-15 10:14:08.896,0.71,0.12,-9.45,Stationary
2024-08-15 10:14:08.900,0.71,0.12,-9.45,Stationary
2024-08-15 10:14:08.907,0.63,0.16,-9.45,Stationary
2024-08-15 10:14:08.915,0.75,0.12,-9.45,Stationary
2024-08-15 10:14:08.940,0.67,0.12,-9.41,Stationary
2024-08-15 10:14:08.943,0.71,0.2,-9.45,Stationary
2024-08-15 10:14:08.948,0.71,0.16,-9.49,Stationary
2024-08-15 10:14:08.979,0.71,0.12,-9.45,Stationary
2024-08-15 10:14:08.982,0.71,0.08,-9.41,Stationary
2024-08-15 10:14:08.988,0.67,0.12,-9.45,Stationary
2024-08-15 10:14:09.015,0.71,0.12,-9.41,Stationary
2024-08-15 10:14:09.018,0.67,0.16,-9.45,Stationary
2024-08-15 10:14:09.027,0.71,0.12,-9.49,Stationary
2024-08-15 10:14:09.034,0.71,0.16,-9.49,Stationary
2024-08-15 10:14:09.060,0.67,0.12,-9.45,Stationary
2024-08-15 10:14:09.064,0.67,0.16,-9.45,Stationary
2024-08-15 10:14:09.071,0.71,0.12,-9.49,Stationary
2024-08-15 10:14:09.100,0.71,0.12,-9.45,Stationary
2024-08-15 10:14:09.103,0.63,0.16,-9.49,Stationary
2024-08-15 10:14:09.111,0.67,0.2,-9.41,Stationary
2024-08-15 10:14:09.136,0.75,0.2,-9.45,Stationary
2024-08-15 10:14:12.192,0.82,0.16,-9.49,Walking
2024-08-15 10:14:12.192,0.71,0.2,-9.49,Stationary
2024-08-15 10:14:12.201,0.71,0.12,-9.49,Stationary
2024-08-15 10:14:12.209,0.67,0.08,-9.45,Stationary
2024-08-15 10:14:12.209,0.67,0.16,-9.49,Stationary
2024-08-15 10:14:12.209,0.71,0.12,-9.45,Stationary
2024-08-15 10:14:12.209,0.67,0.12,-9.49,Stationary
2024-08-15 10:14:12.218,0.71,0.08,-9.49,Stationary
2024-08-15 10:14:12.243,0.67,0.12,-9.49,Stationary
2024-08-15 10:14:12.248,0.67,0.16,-9.45,Stationary
2024-08-15 10:14:12.255,0.63,0.12,-9.41,Stationary
2024-08-15 10:14:12.279,0.67,0.16,-9.45,Stationary
2024-08-15 10:14:12.282,0.71,0.12,-9.45,Stationary
2024-08-15 10:14:12.289,0.75,0.12,-9.41,Stationary
2024-08-15 10:14:12.297,0.71,0.08,-9.41,Stationary
2024-08-15 10:14:12.323,0.67,0.12,-9.49,Stationary
2024-08-15 10:14:12.338,0.67,0.12,-9.45,Stationary
2024-08-15 10:14:12.344,0.71,0.16,-9.53,Stationary
2024-08-15 10:14:12.377,0.75,0.12,-9.49,Stationary
2024-08-15 10:14:12.391,0.67,0.16,-9.41,Stationary
2024-08-15 10:14:12.402,0.67,0.16,-9.45,Stationary
2024-08-15 10:14:12.407,0.71,0.12,-9.49,Stationary
2024-08-15 10:14:12.407,0.75,0.16,-9.41,Stationary
2024-08-15 10:14:12.417,0.67,0.16,-9.49,Stationary
2024-08-15 10:14:12.417,0.67,0.12,-9.34,Stationary
2024-08-15 10:14:12.445,0.71,0.16,-9.41,Stationary
2024-08-15 10:14:12.463,0.67,0.12,-9.45,Stationary
2024-08-15 10:14:12.463,0.71,0.16,-9.45,Stationary
2024-08-15 10:14:12.470,0.67,0.16,-9.41,Stationary
2024-08-15 10:14:12.492,0.71,0.16,-9.45,Stationary
2024-08-15 10:14:12.498,0.71,0.16,-9.45,Stationary
2024-08-15 10:14:12.506,0.71,0.16,-9.41,Stationary
2024-08-15 10:14:12.530,0.67,0.16,-9.49,Stationary
2024-08-15 10:14:12.535,0.67,0.12,-9.45,Stationary
2024-08-15 10:14:12.546,0.67,0.16,-9.53,Stationary
2024-08-15 10:14:12.556,0.67,0.16,-9.45,Stationary
2024-08-15 10:14:12.577,0.71,0.16,-9.41,Stationary
2024-08-15 10:14:12.608,0.67,0.16,-9.45,Stationary
2024-08-15 10:14:12.611,0.71,0.12,-9.45,Stationary
2024-08-15 10:14:12.630,0.67,0.16,-9.45,Stationary
2024-08-15 10:14:12.640,0.71,0.16,-9.45,Stationary
2024-08-15 10:14:12.643,0.67,0.2,-9.45,Stationary
2024-08-15 10:14:12.648,0.71,0.16,-9.45,Stationary
2024-08-15 10:14:12.654,0.67,0.16,-9.41,Stationary
2024-08-15 10:14:12.654,0.67,0.16,-9.45,Stationary
2024-08-15 10:14:12.684,0.63,0.16,-9.45,Stationary
2024-08-15 10:14:12.695,0.71,0.12,-9.45,Stationary
2024-08-15 10:14:12.695,0.71,0.12,-9.45,Stationary
2024-08-15 10:14:12.703,0.71,0.16,-9.45,Stationary
2024-08-15 10:14:12.731,0.67,0.16,-9.41,Stationary
2024-08-15 10:14:12.735,0.63,0.16,-9.45,Stationary
2024-08-15 10:14:12.740,0.67,0.12,-9.49,Stationary
2024-08-15 10:14:12.770,0.71,0.16,-9.45,Stationary
2024-08-15 10:14:12.776,0.71,0.16,-9.45,Stationary
2024-08-15 10:14:12.782,0.67,0.16,-9.41,Stationary
2024-08-15 10:14:12.807,0.67,0.16,-9.41,Stationary
2024-08-15 10:14:12.835,0.67,0.24,-9.45,Stationary
2024-08-15 10:14:12.835,0.67,0.2,-9.49,Stationary
2024-08-15 10:14:12.843,0.71,0.12,-9.45,Stationary
2024-08-15 10:14:12.843,0.71,0.16,-9.49,Stationary
2024-08-15 10:14:12.848,0.67,0.16,-9.45,Stationary
2024-08-15 10:14:12.858,0.75,0.16,-9.41,Stationary
2024-08-15 10:14:12.891,0.67,0.16,-9.45,Stationary
2024-08-15 10:14:12.896,0.67,0.08,-9.45,Stationary
2024-08-15 10:14:12.906,0.71,0.12,-9.49,Stationary
2024-08-15 10:14:12.914,0.71,0.12,-9.49,Stationary
2024-08-15 10:14:12.938,0.67,0.12,-9.41,Stationary
2024-08-15 10:14:12.944,0.67,0.12,-9.41,Stationary
2024-08-15 10:14:12.951,0.71,0.12,-9.45,Stationary
2024-08-15 10:14:12.974,0.67,0.12,-9.45,Stationary
2024-08-15 10:14:12.977,0.67,0.16,-9.45,Stationary
2024-08-15 10:14:12.985,0.75,0.16,-9.45,Stationary
2024-08-15 10:14:12.989,0.71,0.24,-9.45,Stationary
2024-08-15 10:14:13.019,0.71,0.16,-9.45,Stationary
2024-08-15 10:14:13.028,0.71,0.12,-9.45,Stationary
2024-08-15 10:14:13.028,0.67,0.16,-9.45,Stationary
2024-08-15 10:14:13.059,0.67,0.16,-9.49,Stationary
2024-08-15 10:14:13.067,0.67,0.16,-9.38,Stationary
2024-08-15 10:14:13.073,0.63,0.16,-9.45,Stationary
2024-08-15 10:14:13.082,0.71,0.12,-9.41,Stationary
2024-08-15 10:14:13.105,0.67,0.12,-9.45,Stationary
2024-08-15 10:14:13.112,0.67,0.12,-9.45,Stationary
2024-08-15 10:14:13.119,0.67,0.2,-9.41,Stationary
2024-08-15 10:14:13.124,0.63,0.16,-9.45,Stationary
2024-08-15 10:14:13.154,0.67,0.16,-9.34,Stationary
2024-08-15 10:14:13.157,0.71,0.16,-9.49,Stationary
2024-08-15 10:14:13.162,0.67,0.12,-9.41,Stationary
2024-08-15 10:14:13.186,0.63,0.2,-9.41,Stationary
2024-08-15 10:14:13.237,0.67,0.12,-9.41,Stationary
2024-08-15 10:14:13.267,0.71,0.12,-9.45,Stationary
2024-08-15 10:14:13.267,0.71,0.12,-9.41,Stationary
2024-08-15 10:14:13.274,0.67,0.2,-9.45,Stationary
2024-08-15 10:14:13.274,0.71,0.16,-9.45,Stationary
2024-08-15 10:14:13.275,0.75,0.16,-9.49,Stationary
2024-08-15 10:14:13.275,0.67,0.12,-9.49,Stationary
2024-08-15 10:14:13.284,0.67,0.12,-9.45,Stationary
2024-08-15 10:14:13.284,0.71,0.12,-9.45,Stationary
2024-08-15 10:14:13.307,0.67,0.16,-9.38,Stationary
2024-08-15 10:14:13.330,0.71,0.08,-9.41,Stationary
2024-08-15 10:14:13.330,0.67,0.12,-9.41,Stationary
2024-08-15 10:14:13.330,0.63,0.12,-9.41,Stationary
2024-08-15 10:14:13.343,0.67,0.16,-9.41,Stationary
2024-08-15 10:14:13.369,0.67,0.16,-9.45,Stationary
2024-08-15 10:14:13.373,0.67,0.16,-9.45,Stationary
2024-08-15 10:14:13.379,0.67,0.16,-9.49,Stationary
2024-08-15 10:14:13.406,0.67,0.12,-9.45,Stationary
2024-08-15 10:14:13.409,0.71,0.16,-9.45,Stationary
2024-08-15 10:14:13.419,0.67,0.12,-9.41,Stationary
2024-08-15 10:14:13.431,0.71,0.12,-9.45,Stationary
2024-08-15 10:14:13.452,0.71,0.08,-9.49,Stationary
2024-08-15 10:14:13.455,0.67,0.16,-9.41,Stationary
2024-08-15 10:14:13.463,0.63,0.16,-9.45,Stationary
2024-08-15 10:14:13.490,0.71,0.12,-9.45,Stationary
2024-08-15 10:14:13.493,0.67,0.12,-9.45,Stationary
2024-08-15 10:14:13.500,0.71,0.12,-9.45,Stationary
2024-08-15 10:14:13.526,0.71,0.12,-9.41,Stationary
2024-08-15 10:14:13.559,0.67,0.16,-9.41,Stationary
2024-08-15 10:14:13.566,0.71,0.16,-9.41,Stationary
2024-08-15 10:14:13.566,0.67,0.16,-9.41,Stationary
2024-08-15 10:14:13.571,0.63,0.2,-9.49,Stationary
2024-08-15 10:14:13.571,0.75,0.12,-9.45,Stationary
2024-08-15 10:14:13.599,0.78,0.16,-9.38,Stationary
2024-08-15 10:14:13.603,0.71,0.12,-9.38,Stationary
2024-08-15 10:14:13.609,0.71,0.12,-9.49,Stationary
2024-08-15 10:14:13.625,0.67,0.12,-9.49,Stationary
2024-08-15 10:14:13.634,0.71,0.16,-9.45,Stationary
2024-08-15 10:14:13.639,0.71,0.12,-9.45,Stationary
2024-08-15 10:14:13.679,0.67,0.2,-9.45,Stationary
2024-08-15 10:14:13.682,0.67,0.12,-9.45,Stationary
2024-08-15 10:14:13.709,0.71,0.12,-9.41,Stationary
2024-08-15 10:14:13.713,0.67,0.16,-9.45,Stationary
2024-08-15 10:14:13.731,0.67,0.16,-9.45,Stationary
2024-08-15 10:14:13.741,0.67,0.16,-9.49,Stationary
2024-08-15 10:14:13.743,0.71,0.12,-9.49,Stationary
2024-08-15 10:14:13.752,0.71,0.16,-9.41,Stationary
2024-08-15 10:14:13.757,0.71,0.16,-9.45,Stationary
2024-08-15 10:14:13.764,0.71,0.12,-9.45,Stationary
2024-08-15 10:14:13.788,0.67,0.12,-9.45,Stationary
2024-08-15 10:14:13.819,0.71,0.08,-9.49,Stationary
2024-08-15 10:14:13.819,0.67,0.08,-9.45,Stationary
2024-08-15 10:14:13.825,0.67,0.16,-9.41,Stationary
2024-08-15 10:14:13.825,0.67,0.12,-9.49,Stationary
2024-08-15 10:14:13.832,0.67,0.12,-9.49,Stationary
2024-08-15 10:14:13.860,0.63,0.12,-9.41,Stationary
2024-08-15 10:14:13.865,0.71,0.12,-9.45,Stationary
2024-08-15 10:14:13.871,0.63,0.12,-9.41,Stationary
2024-08-15 10:14:13.899,0.67,0.12,-9.49,Stationary
2024-08-15 10:14:13.964,0.71,0.16,-9.41,Stationary
2024-08-15 10:14:13.967,0.67,0.16,-9.41,Stationary
2024-08-15 10:14:13.985,0.63,0.16,-9.49,Stationary
2024-08-15 10:14:13.995,0.71,0.16,-9.45,Stationary
2024-08-15 10:14:14.001,0.71,0.16,-9.45,Stationary
2024-08-15 10:14:14.001,0.71,0.2,-9.45,Stationary
2024-08-15 10:14:14.007,0.71,0.12,-9.45,Stationary
2024-08-15 10:14:14.013,0.67,0.12,-9.45,Stationary
2024-08-15 10:14:14.013,0.67,0.12,-9.49,Stationary
2024-08-15 10:14:14.013,0.71,0.12,-9.45,Stationary
2024-08-15 10:14:14.020,0.67,0.12,-9.45,Stationary
2024-08-15 10:14:14.024,0.67,0.12,-9.45,Stationary
2024-08-15 10:14:14.052,0.67,0.12,-9.45,Stationary
2024-08-15 10:14:14.055,0.67,0.12,-9.45,Stationary
2024-08-15 10:14:14.067,0.71,0.16,-9.45,Stationary
2024-08-15 10:14:14.073,0.71,0.12,-9.45,Stationary
2024-08-15 10:14:14.099,0.71,0.12,-9.41,Stationary
2024-08-15 10:14:14.102,0.67,0.12,-9.45,Stationary
2024-08-15 10:14:14.109,0.71,0.12,-9.45,Stationary
2024-08-15 10:14:14.138,0.67,0.16,-9.49,Stationary
2024-08-15 10:14:14.141,0.71,0.12,-9.45,Stationary
2024-08-15 10:14:14.151,0.67,0.16,-9.49,Stationary
2024-08-15 10:14:14.173,0.71,0.08,-9.41,Stationary
2024-08-15 10:14:14.177,0.71,0.12,-9.49,Stationary
2024-08-15 10:14:14.181,0.63,0.12,-9.45,Stationary
2024-08-15 10:14:14.189,0.67,0.16,-9.45,Stationary
2024-08-15 10:14:14.220,0.67,0.12,-9.49,Stationary
2024-08-15 10:14:14.223,0.67,0.16,-9.45,Stationary
2024-08-15 10:14:14.229,0.71,0.12,-9.49,Stationary
2024-08-15 10:14:14.257,0.71,0.12,-9.45,Stationary
2024-08-15 10:14:14.261,0.75,0.2,-9.45,Stationary
2024-08-15 10:14:14.269,0.71,0.12,-9.45,Stationary
2024-08-15 10:14:14.290,0.71,0.16,-9.38,Stationary
2024-08-15 10:14:14.312,0.67,0.16,-9.41,Stationary
2024-08-15 10:14:14.312,0.67,0.16,-9.45,Stationary
2024-08-15 10:14:14.317,0.75,0.16,-9.38,Stationary
2024-08-15 10:14:14.341,0.71,0.16,-9.49,Stationary
2024-08-15 10:14:14.345,0.71,0.16,-9.45,Stationary
2024-08-15 10:14:14.350,0.71,0.12,-9.45,Stationary
2024-08-15 10:14:14.355,0.67,0.12,-9.45,Stationary
2024-08-15 10:14:14.370,0.75,0.08,-9.41,Stationary
2024-08-15 10:14:14.382,0.71,0.16,-9.49,Stationary
2024-08-15 10:14:14.411,0.71,0.12,-9.45,Stationary
2024-08-15 10:14:14.414,0.67,0.12,-9.45,Stationary
2024-08-15 10:14:14.418,0.67,0.16,-9.49,Stationary
2024-08-15 10:14:14.452,0.71,0.2,-9.45,Stationary
2024-08-15 10:14:14.481,0.67,0.08,-9.49,Stationary
2024-08-15 10:14:14.481,0.75,0.12,-9.41,Stationary
2024-08-15 10:14:14.489,0.67,0.16,-9.45,Stationary
2024-08-15 10:14:14.489,0.71,0.12,-9.45,Stationary
2024-08-15 10:14:14.489,0.71,0.12,-9.41,Stationary
2024-08-15 10:14:14.521,0.67,0.12,-9.49,Stationary
2024-08-15 10:14:14.525,0.67,0.16,-9.49,Stationary
2024-08-15 10:14:14.533,0.71,0.08,-9.49,Stationary
2024-08-15 10:14:14.549,0.67,0.12,-9.45,Stationary
2024-08-15 10:14:14.555,0.71,0.12,-9.45,Stationary
2024-08-15 10:14:14.578,0.63,0.16,-9.41,Stationary
2024-08-15 10:14:14.594,0.59,0.16,-9.41,Stationary
2024-08-15 10:14:14.594,0.67,0.08,-9.45,Stationary
2024-08-15 10:14:14.600,0.71,0.16,-9.49,Stationary
2024-08-15 10:14:14.626,0.71,0.16,-9.49,Stationary
2024-08-15 10:14:14.630,0.71,0.08,-9.49,Stationary
2024-08-15 10:14:14.636,0.67,0.16,-9.49,Stationary
2024-08-15 10:14:14.664,0.63,0.2,-9.45,Stationary
2024-08-15 10:14:14.682,0.67,0.12,-9.38,Stationary
2024-08-15 10:14:14.682,0.71,0.16,-9.45,Stationary
2024-08-15 10:14:14.689,0.75,0.16,-9.41,Stationary
2024-08-15 10:14:14.699,0.67,0.2,-9.45,Stationary
2024-08-15 10:14:14.709,0.67,0.16,-9.53,Stationary
2024-08-15 10:14:14.738,0.75,0.16,-9.49,Stationary
2024-08-15 10:14:14.743,0.67,0.16,-9.49,Stationary
2024-08-15 10:14:14.751,0.71,0.16,-9.41,Stationary
2024-08-15 10:14:14.774,0.75,0.12,-9.41,Stationary
2024-08-15 10:14:14.787,0.67,0.16,-9.41,Stationary
2024-08-15 10:14:14.787,0.63,0.2,-9.45,Stationary
2024-08-15 10:14:14.796,0.71,0.16,-9.45,Stationary
2024-08-15 10:14:14.803,0.67,0.12,-9.45,Stationary
2024-08-15 10:14:14.833,0.67,0.2,-9.38,Stationary
2024-08-15 10:14:14.836,0.71,0.12,-9.45,Stationary
2024-08-15 10:14:14.841,0.71,0.12,-9.41,Stationary
2024-08-15 10:14:14.869,0.71,0.12,-9.45,Stationary
2024-08-15 10:14:14.872,0.71,0.24,-9.45,Stationary
2024-08-15 10:14:14.879,0.67,0.2,-9.45,Stationary
2024-08-15 10:14:14.884,0.71,0.12,-9.45,Stationary
2024-08-15 10:14:14.914,0.71,0.12,-9.49,Stationary
2024-08-15 10:14:14.918,0.71,0.16,-9.45,Stationary
2024-08-15 10:14:14.925,0.75,0.12,-9.49,Stationary
2024-08-15 10:14:14.956,0.67,0.12,-9.49,Stationary
2024-08-15 10:14:14.959,0.71,0.12,-9.49,Stationary
2024-08-15 10:14:14.965,0.67,0.16,-9.49,Stationary
2024-08-15 10:14:14.991,0.67,0.2,-9.41,Stationary
2024-08-15 10:14:14.995,0.71,0.16,-9.41,Stationary
2024-08-15 10:14:15.002,0.67,0.12,-9.45,Stationary
2024-08-15 10:14:15.039,0.67,0.16,-9.45,Stationary
2024-08-15 10:14:15.042,0.67,0.12,-9.45,Stationary
2024-08-15 10:14:15.074,0.67,0.12,-9.45,Stationary
2024-08-15 10:14:15.119,0.75,0.2,-9.45,Stationary
2024-08-15 10:14:15.134,0.71,0.12,-9.41,Stationary
2024-08-15 10:14:15.139,0.67,0.16,-9.45,Stationary
2024-08-15 10:14:15.139,0.71,0.12,-9.45,Stationary
2024-08-15 10:14:15.145,0.71,0.16,-9.45,Stationary
2024-08-15 10:14:15.151,0.67,0.12,-9.45,Stationary
2024-08-15 10:14:15.151,0.71,0.16,-9.49,Stationary
2024-08-15 10:14:15.159,0.71,0.16,-9.45,Stationary
2024-08-15 10:14:15.159,0.71,0.16,-9.49,Stationary
2024-08-15 10:14:15.159,0.71,0.12,-9.45,Stationary
2024-08-15 10:14:15.163,0.67,0.16,-9.41,Stationary
2024-08-15 10:14:15.192,0.67,0.16,-9.41,Stationary
2024-08-15 10:14:15.197,0.67,0.16,-9.49,Stationary
2024-08-15 10:14:15.203,0.71,0.12,-9.45,Stationary
2024-08-15 10:14:15.229,0.67,0.16,-9.49,Stationary
2024-08-15 10:14:15.233,0.67,0.12,-9.41,Stationary
2024-08-15 10:14:15.240,0.63,0.2,-9.41,Stationary
2024-08-15 10:14:15.246,0.67,0.16,-9.45,Stationary
2024-08-15 10:14:15.275,0.71,0.12,-9.49,Stationary
2024-08-15 10:14:15.278,0.71,0.16,-9.45,Stationary
2024-08-15 10:14:15.306,0.67,0.12,-9.45,Stationary
2024-08-15 10:14:15.309,0.71,0.16,-9.45,Stationary
2024-08-15 10:14:15.350,0.67,0.12,-9.45,Stationary
2024-08-15 10:14:15.354,0.71,0.12,-9.45,Stationary
2024-08-15 10:14:15.361,0.71,0.16,-9.41,Stationary
2024-08-15 10:14:15.361,0.67,0.16,-9.45,Stationary
2024-08-15 10:14:15.368,0.67,0.12,-9.45,Stationary
2024-08-15 10:14:15.368,0.71,0.12,-9.41,Stationary
2024-08-15 10:14:15.396,0.63,0.12,-9.49,Stationary
2024-08-15 10:14:15.416,0.71,0.12,-9.41,Stationary
2024-08-15 10:14:15.416,0.67,0.12,-9.41,Stationary
2024-08-15 10:14:15.422,0.71,0.12,-9.41,Stationary
2024-08-15 10:14:15.438,0.67,0.12,-9.49,Stationary
2024-08-15 10:14:15.444,0.71,0.16,-9.49,Stationary
2024-08-15 10:14:15.468,0.71,0.16,-9.49,Stationary
2024-08-15 10:14:15.473,0.71,0.16,-9.49,Stationary
2024-08-15 10:14:15.473,0.71,0.12,-9.45,Stationary
2024-08-15 10:14:15.507,0.71,0.12,-9.41,Stationary
2024-08-15 10:14:15.510,0.71,0.2,-9.45,Stationary
2024-08-15 10:14:15.518,0.67,0.12,-9.41,Stationary
2024-08-15 10:14:15.543,0.75,0.16,-9.38,Stationary
2024-08-15 10:14:15.547,0.71,0.12,-9.49,Stationary
2024-08-15 10:14:15.556,0.71,0.16,-9.41,Stationary
2024-08-15 10:14:15.567,0.71,0.12,-9.45,Stationary
2024-08-15 10:14:15.587,0.71,0.12,-9.41,Stationary
2024-08-15 10:14:15.590,0.71,0.12,-9.38,Stationary
2024-08-15 10:14:15.600,0.71,0.16,-9.45,Stationary
2024-08-15 10:14:15.627,0.71,0.16,-9.45,Stationary
2024-08-15 10:14:15.638,0.75,0.12,-9.41,Stationary
2024-08-15 10:14:15.638,0.71,0.12,-9.41,Stationary
2024-08-15 10:14:15.647,0.71,0.12,-9.45,Stationary
2024-08-15 10:14:15.673,0.71,0.08,-9.49,Stationary
2024-08-15 10:14:15.676,0.67,0.12,-9.45,Stationary
2024-08-15 10:14:15.683,0.67,0.08,-9.49,Stationary
2024-08-15 10:14:15.709,0.63,0.12,-9.45,Stationary
2024-08-15 10:14:15.714,0.67,0.16,-9.45,Stationary
2024-08-15 10:14:15.722,0.67,0.16,-9.45,Stationary
2024-08-15 10:14:15.728,0.71,0.12,-9.49,Stationary
2024-08-15 10:14:15.754,0.67,0.12,-9.49,Stationary
2024-08-15 10:14:15.805,0.63,0.16,-9.45,Stationary
2024-08-15 10:14:15.834,0.71,0.12,-9.45,Stationary
2024-08-15 10:14:15.834,0.67,0.12,-9.45,Stationary
2024-08-15 10:14:15.841,0.71,0.16,-9.41,Stationary
2024-08-15 10:14:15.841,0.67,0.16,-9.41,Stationary
2024-08-15 10:14:15.841,0.67,0.16,-9.49,Stationary
2024-08-15 10:14:15.841,0.71,0.2,-9.45,Stationary
2024-08-15 10:14:15.856,0.71,0.12,-9.49,Stationary
2024-08-15 10:14:15.860,0.75,0.16,-9.49,Stationary
2024-08-15 10:14:15.867,0.71,0.16,-9.45,Stationary
2024-08-15 10:14:15.874,0.67,0.16,-9.45,Stationary
2024-08-15 10:14:15.899,0.71,0.12,-9.41,Stationary
2024-08-15 10:14:15.904,0.71,0.16,-9.45,Stationary
2024-08-15 10:14:15.912,0.71,0.12,-9.41,Stationary
2024-08-15 10:14:15.938,0.71,0.12,-9.45,Stationary
2024-08-15 10:14:15.942,0.63,0.16,-9.45,Stationary
2024-08-15 10:14:15.948,0.67,0.2,-9.49,Stationary
2024-08-15 10:14:15.956,0.67,0.16,-9.45,Stationary
2024-08-15 10:14:15.986,0.71,0.12,-9.45,Stationary
2024-08-15 10:14:15.990,0.67,0.16,-9.45,Stationary
2024-08-15 10:14:15.996,0.63,0.16,-9.49,Stationary
2024-08-15 10:14:16.022,0.71,0.12,-9.49,Stationary
2024-08-15 10:14:16.025,0.67,0.12,-9.45,Stationary
2024-08-15 10:14:16.034,0.71,0.16,-9.49,Stationary
2024-08-15 10:14:16.043,0.71,0.12,-9.49,Stationary
2024-08-15 10:14:16.067,0.63,0.16,-9.49,Stationary
2024-08-15 10:14:16.073,0.71,0.08,-9.45,Stationary
2024-08-15 10:14:16.082,0.67,0.12,-9.41,Stationary
2024-08-15 10:14:16.107,0.63,0.16,-9.45,Stationary
2024-08-15 10:14:16.111,0.71,0.12,-9.45,Stationary
2024-08-15 10:14:18.203,0.67,0.12,-9.49,Stationary
2024-08-15 10:14:18.203,0.67,0.12,-9.45,Stationary
2024-08-15 10:14:18.203,0.67,0.16,-9.41,Stationary
2024-08-15 10:14:18.203,0.67,0.12,-9.49,Stationary
2024-08-15 10:14:18.203,0.71,0.12,-9.41,Stationary
2024-08-15 10:14:18.214,0.67,0.16,-9.41,Stationary
2024-08-15 10:14:18.214,0.75,0.16,-9.45,Stationary
2024-08-15 10:14:18.214,0.67,0.2,-9.49,Stationary
2024-08-15 10:14:18.214,0.67,0.16,-9.49,Stationary
2024-08-15 10:14:18.214,0.71,0.16,-9.45,Stationary
2024-08-15 10:14:18.214,0.71,0.12,-9.41,Stationary
2024-08-15 10:14:18.214,0.67,0.16,-9.45,Stationary
2024-08-15 10:14:18.214,0.63,0.2,-9.45,Stationary
2024-08-15 10:14:18.214,0.67,0.16,-9.45,Stationary
2024-08-15 10:14:18.214,0.71,0.12,-9.45,Stationary
2024-08-15 10:14:18.214,0.67,0.12,-9.49,Stationary
2024-08-15 10:14:18.214,0.71,0.16,-9.45,Stationary
2024-08-15 10:14:18.215,0.71,0.16,-9.45,Stationary
2024-08-15 10:14:18.215,0.67,0.2,-9.41,Stationary
2024-08-15 10:14:18.215,0.67,0.12,-9.45,Stationary
2024-08-15 10:14:18.215,0.71,0.12,-9.45,Stationary
2024-08-15 10:14:18.215,0.75,0.12,-9.49,Stationary
2024-08-15 10:14:18.237,0.71,0.16,-9.53,Stationary
2024-08-15 10:14:18.237,0.71,0.08,-9.49,Stationary
2024-08-15 10:14:18.237,0.71,0.16,-9.45,Stationary
2024-08-15 10:14:18.237,0.71,0.12,-9.45,Stationary
2024-08-15 10:14:18.238,0.71,0.12,-9.49,Stationary
2024-08-15 10:14:18.238,0.67,0.12,-9.45,Stationary
2024-08-15 10:14:18.238,0.67,0.12,-9.38,Stationary
2024-08-15 10:14:18.238,0.67,0.16,-9.45,Stationary
2024-08-15 10:14:18.238,0.71,0.08,-9.45,Stationary
2024-08-15 10:14:18.238,0.67,0.16,-9.41,Stationary
2024-08-15 10:14:18.238,0.67,0.12,-9.41,Stationary
2024-08-15 10:14:18.241,0.71,0.12,-9.45,Stationary
2024-08-15 10:14:18.241,0.67,0.12,-9.45,Stationary
2024-08-15 10:14:18.241,0.67,0.24,-9.45,Stationary
2024-08-15 10:14:18.241,0.67,0.2,-9.45,Stationary
2024-08-15 10:14:18.241,0.75,0.16,-9.45,Stationary
2024-08-15 10:14:18.241,0.67,0.12,-9.45,Stationary
2024-08-15 10:14:18.259,0.63,0.16,-9.45,Stationary
2024-08-15 10:14:18.259,0.67,0.16,-9.45,Stationary
2024-08-15 10:14:18.259,0.67,0.16,-9.45,Stationary
2024-08-15 10:14:18.259,0.67,0.12,-9.45,Stationary
2024-08-15 10:14:18.259,0.71,0.16,-9.45,Stationary
2024-08-15 10:14:18.259,0.67,0.16,-9.41,Stationary
2024-08-15 10:14:18.259,0.71,0.16,-9.41,Stationary
2024-08-15 10:14:18.259,0.67,0.12,-9.41,Stationary
2024-08-15 10:14:18.259,0.67,0.12,-9.45,Stationary
2024-08-15 10:14:18.259,0.71,0.12,-9.45,Stationary
2024-08-15 10:14:18.259,0.67,0.2,-9.45,Stationary
2024-08-15 10:14:18.260,0.67,0.2,-9.45,Stationary
2024-08-15 10:14:18.260,0.67,0.08,-9.49,Stationary
2024-08-15 10:14:18.260,0.71,0.12,-9.45,Stationary
2024-08-15 10:14:18.260,0.67,0.2,-9.45,Stationary
2024-08-15 10:14:18.260,0.67,0.12,-9.49,Stationary
2024-08-15 10:14:18.260,0.67,0.08,-9.49,Stationary
2024-08-15 10:14:18.275,0.67,0.16,-9.49,Stationary
2024-08-15 10:14:18.275,0.71,0.12,-9.41,Stationary
2024-08-15 10:14:18.275,0.71,0.12,-9.45,Stationary
2024-08-15 10:14:18.275,0.67,0.16,-9.45,Stationary
2024-08-15 10:14:18.275,0.71,0.12,-9.49,Stationary
2024-08-15 10:14:18.275,0.67,0.16,-9.45,Stationary
2024-08-15 10:14:18.275,0.71,0.2,-9.41,Stationary
2024-08-15 10:14:18.275,0.67,0.16,-9.41,Stationary
2024-08-15 10:14:18.275,0.71,0.12,-9.41,Stationary
2024-08-15 10:14:18.275,0.67,0.24,-9.45,Stationary
2024-08-15 10:14:18.275,0.71,0.2,-9.49,Stationary
2024-08-15 10:14:18.276,0.71,0.12,-9.49,Stationary
2024-08-15 10:14:18.276,0.71,0.16,-9.41,Stationary
2024-08-15 10:14:18.276,0.67,0.16,-9.41,Stationary
2024-08-15 10:14:18.276,0.71,0.12,-9.41,Stationary
2024-08-15 10:14:18.276,0.71,0.16,-9.49,Stationary
2024-08-15 10:14:18.276,0.71,0.16,-9.41,Stationary
2024-08-15 10:14:18.289,0.71,0.16,-9.45,Stationary
2024-08-15 10:14:18.289,0.71,0.2,-9.45,Stationary
2024-08-15 10:14:18.289,0.71,0.12,-9.45,Stationary
2024-08-15 10:14:18.289,0.67,0.12,-9.49,Stationary
2024-08-15 10:14:18.289,0.71,0.12,-9.49,Stationary
2024-08-15 10:14:18.289,0.71,0.16,-9.53,Stationary
2024-08-15 10:14:18.289,0.71,0.12,-9.49,Stationary
2024-08-15 10:14:18.290,0.71,0.12,-9.49,Stationary
2024-08-15 10:14:18.290,0.71,0.12,-9.45,Stationary
2024-08-15 10:14:18.290,0.71,0.2,-9.45,Stationary
2024-08-15 10:14:18.290,0.67,0.12,-9.45,Stationary
2024-08-15 10:14:18.291,0.63,0.16,-9.41,Stationary
2024-08-15 10:14:18.291,0.71,0.16,-9.38,Stationary
2024-08-15 10:14:18.291,0.67,0.16,-9.45,Stationary
2024-08-15 10:14:18.291,0.71,0.2,-9.45,Stationary
2024-08-15 10:14:18.291,0.67,0.16,-9.45,Stationary
2024-08-15 10:14:18.291,0.71,0.12,-9.45,Stationary
2024-08-15 10:14:18.303,0.67,0.12,-9.45,Stationary
2024-08-15 10:14:18.303,0.71,0.2,-9.45,Stationary
2024-08-15 10:14:18.303,0.75,0.16,-9.49,Stationary
2024-08-15 10:14:18.303,0.71,0.16,-9.45,Stationary
2024-08-15 10:14:18.303,0.67,0.12,-9.45,Stationary
2024-08-15 10:14:18.303,0.71,0.16,-9.45,Stationary
2024-08-15 10:14:18.303,0.75,0.12,-9.53,Stationary
2024-08-15 10:14:18.303,0.71,0.16,-9.49,Stationary
2024-08-15 10:14:18.303,0.71,0.16,-9.49,Stationary
2024-08-15 10:14:18.303,0.67,0.16,-9.49,Stationary
2024-08-15 10:14:18.303,0.67,0.16,-9.41,Stationary
2024-08-15 10:14:18.305,0.67,0.16,-9.49,Stationary
2024-08-15 10:14:18.305,0.67,0.16,-9.49,Stationary
2024-08-15 10:14:18.305,0.71,0.16,-9.49,Stationary
2024-08-15 10:14:18.305,0.63,0.12,-9.49,Stationary
2024-08-15 10:14:18.305,0.71,0.12,-9.49,Stationary
2024-08-15 10:14:18.305,0.67,0.12,-9.49,Stationary
2024-08-15 10:14:18.319,0.71,0.12,-9.49,Stationary
2024-08-15 10:14:18.319,0.71,0.12,-9.41,Stationary
2024-08-15 10:14:18.319,0.67,0.08,-9.45,Stationary
2024-08-15 10:14:18.319,0.67,0.2,-9.45,Stationary
2024-08-15 10:14:18.319,0.67,0.16,-9.45,Stationary
2024-08-15 10:14:18.319,0.63,0.16,-9.41,Stationary
2024-08-15 10:14:18.319,0.67,0.12,-9.41,Stationary
2024-08-15 10:14:18.319,0.63,0.16,-9.41,Stationary
2024-08-15 10:14:18.319,0.67,0.12,-9.45,Stationary
2024-08-15 10:14:18.319,0.67,0.16,-9.49,Stationary
2024-08-15 10:14:18.319,0.71,0.16,-9.41,Stationary
2024-08-15 10:14:18.320,0.67,0.16,-9.41,Stationary
2024-08-15 10:14:18.320,0.75,0.16,-9.45,Stationary
2024-08-15 10:14:18.320,0.75,0.12,-9.45,Stationary
2024-08-15 10:14:18.320,0.71,0.16,-9.45,Stationary
2024-08-15 10:14:18.320,0.67,0.2,-9.49,Stationary
2024-08-15 10:14:18.320,0.67,0.16,-9.45,Stationary
2024-08-15 10:14:18.335,0.67,0.12,-9.49,Stationary
2024-08-15 10:14:18.335,0.71,0.16,-9.41,Stationary
2024-08-15 10:14:18.335,0.71,0.16,-9.49,Stationary
2024-08-15 10:14:18.335,0.71,0.12,-9.45,Stationary
2024-08-15 10:14:18.335,0.67,0.12,-9.41,Stationary
2024-08-15 10:14:18.335,0.67,0.12,-9.45,Stationary
2024-08-15 10:14:18.335,0.71,0.16,-9.45,Stationary
2024-08-15 10:14:18.335,0.67,0.12,-9.41,Stationary
2024-08-15 10:14:18.335,0.71,0.12,-9.45,Stationary
2024-08-15 10:14:18.336,0.71,0.12,-9.49,Stationary
2024-08-15 10:14:18.336,0.67,0.12,-9.49,Stationary
2024-08-15 10:14:18.337,0.71,0.12,-9.45,Stationary
2024-08-15 10:14:18.337,0.67,0.12,-9.45,Stationary
2024-08-15 10:14:18.337,0.67,0.16,-9.45,Stationary
2024-08-15 10:14:18.337,0.67,0.08,-9.45,Stationary
2024-08-15 10:14:18.337,0.67,0.12,-9.45,Stationary
2024-08-15 10:14:18.337,0.67,0.16,-9.45,Stationary
2024-08-15 10:14:18.350,0.71,0.16,-9.45,Stationary
2024-08-15 10:14:18.350,0.67,0.16,-9.41,Stationary
2024-08-15 10:14:18.350,0.67,0.12,-9.41,Stationary
2024-08-15 10:14:18.350,0.67,0.16,-9.45,Stationary
2024-08-15 10:14:18.350,0.71,0.16,-9.45,Stationary
2024-08-15 10:14:18.350,0.67,0.16,-9.45,Stationary
2024-08-15 10:14:18.350,0.75,0.16,-9.53,Stationary
2024-08-15 10:14:18.350,0.71,0.12,-9.45,Stationary
2024-08-15 10:14:18.350,0.67,0.12,-9.38,Stationary
2024-08-15 10:14:18.350,0.71,0.12,-9.45,Stationary
2024-08-15 10:14:18.350,0.67,0.12,-9.49,Stationary
2024-08-15 10:14:18.352,0.67,0.16,-9.53,Stationary
2024-08-15 10:14:18.352,0.71,0.16,-9.53,Stationary
2024-08-15 10:14:18.352,0.71,0.16,-9.41,Stationary
2024-08-15 10:14:18.352,0.71,0.12,-9.45,Stationary
2024-08-15 10:14:18.352,0.67,0.16,-9.45,Stationary
2024-08-15 10:14:18.352,0.67,0.2,-9.41,Stationary
2024-08-15 10:14:18.366,0.75,0.12,-9.45,Stationary
2024-08-15 10:14:18.366,0.67,0.12,-9.45,Stationary
2024-08-15 10:14:18.366,0.71,0.12,-9.49,Stationary
2024-08-15 10:14:18.366,0.67,0.16,-9.45,Stationary
2024-08-15 10:14:18.366,0.67,0.16,-9.45,Stationary
2024-08-15 10:14:18.366,0.67,0.16,-9.45,Stationary
2024-08-15 10:14:18.366,0.67,0.16,-9.45,Stationary
2024-08-15 10:14:18.366,0.71,0.12,-9.45,Stationary
2024-08-15 10:14:18.366,0.63,0.12,-9.41,Stationary
2024-08-15 10:14:18.366,0.71,0.12,-9.45,Stationary
2024-08-15 10:14:18.366,0.75,0.08,-9.49,Stationary
2024-08-15 10:14:18.367,0.67,0.12,-9.41,Stationary
2024-08-15 10:14:18.367,0.67,0.08,-9.41,Stationary
2024-08-15 10:14:18.367,0.71,0.16,-9.41,Stationary
2024-08-15 10:14:18.367,0.67,0.24,-9.41,Stationary
2024-08-15 10:14:18.367,0.67,0.12,-9.49,Stationary
2024-08-15 10:14:18.369,0.71,0.08,-9.41,Stationary
2024-08-15 10:14:18.382,0.71,0.16,-9.45,Stationary
2024-08-15 10:14:18.382,0.75,0.16,-9.41,Stationary
2024-08-15 10:14:18.382,0.71,0.16,-9.41,Stationary
2024-08-15 10:14:18.382,0.67,0.12,-9.45,Stationary
2024-08-15 10:14:18.382,0.67,0.12,-9.45,Stationary
2024-08-15 10:14:18.382,0.67,0.16,-9.45,Stationary
2024-08-15 10:14:18.382,0.67,0.16,-9.45,Stationary
2024-08-15 10:14:18.382,0.71,0.2,-9.45,Stationary
2024-08-15 10:14:18.382,0.67,0.12,-9.49,Stationary
