Timestamp(ms),Target Number,Distance(m),Speed(m/s),Energy
330450,1,0.66,0.01,18269.0
330650,1,0.71,0.03,34145.0
330850,1,0.73,0.03,14737.0
331050,1,0.74,0.02,2885.0
331250,1,0.69,0.0,12385.0
331450,1,0.67,-0.01,5508.0
331650,1,0.68,0.0,3208.0
331850,1,0.7,0.01,1448.0
332050,1,1.5,-3.84,97.0
332250,1,1.12,-3.81,80.0
332450,1,0.75,-3.77,90.0
332650,1,0.4,-3.7,73.0
332850,1,0.8500000000000001,0.03,68.0
333050,1,1.3,-3.83,65.0
333250,1,0.87,-3.78,85.0
333450,1,0.61,-3.72,58.0
333650,1,0.31,-3.66,45.0
333850,1,1.49,-3.84,85.0
334050,1,0.99,-2.49,15668.0
334250,1,0.74,-1.36,22069.0
334450,1,0.65,-0.83,1381.0
334650,1,0.55,-1.22,45.0
334850,1,0.31,-1.99,61.0
335050,1,0.25,-1.29,1637.0
335250,1,0.775,0.03,68.0
335450,1,1.3,-3.83,50.0
335650,1,0.93,-3.79,45.0
335850,1,0.57,-3.74,61.0
336050,1,0.34,-2.36,4121.0
336250,1,0.26,-1.51,5608.0
336450,1,0.24,-0.97,3313.0
336650,1,0.18,-0.77,1352.0
336850,1,0.6,-0.07,8485.0
337050,1,0.59,-0.05,5473.0
337250,1,1.3,-3.83,58.0
337450,1,0.73,-3.81,45.0
337650,1,1.29,-3.75,50.0
337850,1,0.92,-3.76,89.0
338050,1,0.45,-3.7,97.0
338250,1,0.875,0.07,84.0
338450,1,1.3,-3.83,61.0
338650,1,0.87,-2.75,985.0
338850,1,0.63,-2.42,100.0
339050,1,0.49,-1.53,1493.0
339250,1,0.44,-0.98,2404.0
339450,1,0.36,-0.78,2645.0
339650,1,1.3,-3.83,40.0
339850,1,0.73,-3.81,65.0
340050,1,0.6,0.01,52089.0
340250,1,0.625,0.08,84.0
340450,1,0.65,0.03,86.0
340650,1,0.675,0.05,69.0
340850,1,0.7,0.07,95.0
341050,1,0.725,0.05,74.0
341250,1,0.75,0.0,26010.0
341450,1,0.75,0.0,16066.0
341650,1,0.78,-1.04,61.0
341850,1,0.64,-1.31,18020.0
342050,1,0.52,-0.98,7162.0
342250,1,0.46,-0.73,19796.0
342450,1,0.38,-1.14,41.0
342650,1,0.4,-0.71,19402.0
342850,1,0.43,-0.44,5096.0
343050,1,0.41,-0.34,1813.0
343250,1,0.5333333333333333,0.1,80.0
343450,1,0.6566666666666667,0.03,59.0
343650,1,0.78,-0.15,2305.0
343850,1,0.88,-1.36,61.0
344050,1,0.7,-2.05,74.0
344250,1,0.44,-2.45,61.0
344450,1,0.1,-2.7,40.0
344650,1,0.6950000000000001,0.09,55.0
344850,1,1.29,-3.83,72.0
345050,1,0.72,-3.81,41.0
345250,1,0.53,-3.71,45.0
345450,1,0.38,-2.24,9290.0
345650,1,0.32,-1.42,17957.0
345850,1,0.3,-0.91,7177.0
346050,1,0.33,-0.56,4954.0
346250,1,0.83,-0.15,1088.0
346450,1,1.49,-3.84,100.0
346650,1,0.77,0.0,1193.0
346850,1,1.49,-3.84,50.0
347050,1,0.75,0.0,4514.0
347250,1,0.75,0.0,2089.0
347450,1,0.76,-2.02,41.0
347650,1,0.49,-2.43,41.0
347850,1,0.46,-1.43,1229.0
348050,1,0.33,-1.09,18405.0
348250,1,0.36,-0.66,23080.0
348450,1,0.29,-0.56,30722.0
348650,1,0.3333333333333333,0.11,52.0
348850,1,0.37666666666666665,0.11,59.0
349050,1,0.42000000000000004,0.04,80.0
349250,1,0.4633333333333334,0.06,72.0
349450,1,0.5066666666666667,0.07,83.0
349650,1,0.55,0.0,9521.0
349850,1,0.56,0.0,21389.0
350050,1,0.57,0.0,5570.0
350250,1,0.55,-0.58,2025.0
350450,1,0.44,-0.93,3965.0
350650,1,0.23,-1.78,61.0
350850,1,0.775,0.08,82.0
351050,1,1.32,-3.83,74.0
351250,1,0.94,-3.79,89.0
351450,1,0.57,-3.74,85.0
351650,1,0.27,-3.07,89.0
351850,1,0.6,-0.15,5780.0
352050,1,0.85,-1.97,52.0
352250,1,0.78,-2.9,73.0
352450,1,0.52,-2.4,3805.0
352650,1,0.29,-2.82,85.0
352850,1,1.49,-3.84,100.0
353050,1,1.12,-3.81,80.0
353250,1,0.75,-3.77,74.0
353450,1,0.48,-3.68,116.0
353650,1,1.0,0.08,55.0
353850,1,1.52,-3.83,65.0
354050,1,1.13,-3.81,74.0
354250,1,0.86,-3.76,61.0
354450,1,0.48,-3.7,50.0
354650,1,0.99,0.07,72.0
354850,1,1.5,-3.83,74.0
355050,1,1.12,-3.81,85.0
355250,1,0.75,-3.77,65.0
355450,1,1.03,0.1,99.0
355650,1,1.31,-3.83,50.0
355850,1,0.94,-3.79,98.0
356050,1,0.66,-3.72,85.0
356250,1,0.3,-3.66,41.0
356450,1,1.51,-3.84,41.0
356650,1,1.13,-3.81,74.0
356850,1,0.76,-3.77,65.0
357050,1,0.4,-3.7,85.0
357250,1,0.8600000000000001,0.02,60.0
357450,1,1.32,-3.83,61.0
357650,1,0.74,-1.8,65338.0
357850,1,0.7428571428571429,0.1,92.0
358050,1,0.7457142857142857,0.08,76.0
358250,1,0.7485714285714286,0.07,96.0
358450,1,0.7514285714285714,0.11,56.0
358650,1,0.7542857142857143,0.03,73.0
358850,1,0.7571428571428571,0.06,96.0
359050,1,0.76,0.16,11345.0
359250,1,0.77,0.1,7844.0
359450,1,0.91,0.04,60.0
359650,1,1.05,-1.97,50.0
359850,1,0.9,-2.92,100.0
360050,1,0.6,-3.22,61.0
360250,1,0.11,-3.3,72.0
360450,1,1.49,-3.84,89.0
360650,1,1.12,-3.81,52.0
360850,1,0.55,-3.79,89.0
361050,1,0.34,-3.68,68.0
361250,1,1.49,-3.84,74.0
361450,1,0.89,-1.25,4365.0
361650,1,0.76,-0.68,2969.0
361850,1,1.0,0.04,65.0
362050,1,1.24,0.08,81.0
362250,1,1.48,-3.83,52.0
362450,1,1.11,-3.81,68.0
362650,1,0.85,-3.74,101.0
362850,1,0.47,-3.7,45.0
363050,1,0.885,0.05,93.0
363250,1,1.3,-3.83,74.0
363450,1,0.93,-3.79,74.0
363650,1,0.37,-3.77,52.0
363850,1,1.49,-3.84,74.0
364050,1,0.92,-3.83,52.0
364250,1,0.74,-3.75,65.0
364450,1,0.925,0.1,59.0
364650,1,1.11,-3.84,72.0
364850,1,1.0,-3.78,41.0
365050,1,0.68,-3.74,89.0
365250,1,0.14,-3.71,52.0
365450,1,0.75,-0.13,12025.0
365650,1,0.73,-0.18,17225.0
365850,1,0.6916666666666667,0.06,97.0
366050,1,0.6533333333333333,0.04,78.0
366250,1,0.615,0.06,75.0
366450,1,0.5766666666666667,0.05,74.0
366650,1,0.5383333333333333,0.05,56.0
366850,1,0.5,0.0,57341.0
367050,1,0.7033333333333334,0.08,99.0
367250,1,0.9066666666666667,0.03,92.0
367450,1,1.11,-3.84,45.0
367650,1,1.12,0.05,75.0
367850,1,1.13,-3.84,50.0
368050,1,1.0,-3.78,41.0
368250,1,0.68,-3.74,61.0
368450,1,0.35,-3.68,80.0
368650,1,1.49,-3.84,80.0
368850,1,1.28,-3.8,100.0
369050,1,0.84,-3.77,52.0
369250,1,0.27,-3.74,72.0
369450,1,1.5,-3.84,52.0
369650,1,0.92,-3.83,45.0
369850,1,0.75,-3.75,41.0
370050,1,0.46,-3.69,50.0
370250,1,0.88,0.08,78.0
370450,1,1.3,-3.83,74.0
370650,1,0.93,-3.79,74.0
370850,1,0.57,-3.74,100.0
371050,1,0.22,-3.67,61.0
371250,1,1.49,-3.84,74.0
371450,1,1.11,-3.81,52.0
371650,1,0.75,-3.77,41.0
371850,1,0.93,0.03,99.0
372050,1,1.11,0.11,81.0
372250,1,1.29,-3.83,52.0
372450,1,0.93,-3.79,45.0
372650,1,0.57,-3.73,41.0
372850,1,0.3,-3.65,74.0
373050,1,1.49,-3.84,80.0
373250,1,1.12,-3.81,41.0
373450,1,0.76,-3.77,58.0
373650,1,0.4,-3.7,72.0
373850,1,0.94,0.11,71.0
374050,1,1.48,-3.83,50.0
374250,1,1.27,-3.81,61.0
374450,1,0.95,-3.76,85.0
374650,1,0.53,-3.71,65.0
374850,1,1.045,0.04,99.0
375050,1,1.56,-3.84,74.0
375250,1,1.05,-3.81,74.0
375450,1,0.47,-3.79,74.0
375650,1,0.885,0.08,94.0
375850,1,1.3,-3.83,61.0
376050,1,0.93,-3.79,74.0
376250,1,0.45,-3.73,97.0
376450,1,0.88,0.1,70.0
376650,1,1.31,-3.83,52.0
376850,1,0.93,-3.79,50.0
377050,1,0.57,-3.74,61.0
377250,1,0.9450000000000001,0.1,88.0
377450,1,1.32,-3.83,41.0
377650,1,0.94,-3.79,61.0
377850,1,0.57,-2.19,2549.0
378050,1,0.6083333333333333,0.06,78.0
378250,1,0.6466666666666666,0.06,86.0
378450,1,0.685,0.11,95.0
378650,1,0.7233333333333334,0.04,72.0
378850,1,0.7616666666666667,0.01,79.0
379050,1,0.8,0.23,14152.0
379250,1,0.79,0.23,24193.0
379450,1,0.79,0.13,4346.0
379650,1,0.72,-0.78,41.0
379850,1,0.66,-0.58,2041.0
380050,1,0.56,-1.07,41.0
380250,1,0.32,-1.9,41.0
380450,1,0.7033333333333334,0.03,75.0
380650,1,1.0866666666666667,0.03,74.0
380850,1,1.47,-3.83,40.0
381050,1,1.11,-3.81,41.0
381250,1,1.3,0.11,62.0
381450,1,1.49,-3.84,41.0
381650,1,1.11,-3.8,41.0
381850,1,0.84,-3.76,74.0
382050,1,0.51,-3.71,80.0
382250,1,0.905,0.1,77.0
382450,1,1.3,-3.83,52.0
382650,1,0.73,-3.81,41.0
382850,1,0.27,-3.76,41.0
383050,1,0.78,-0.15,3140.0
383250,1,0.75,-0.05,13033.0
383450,1,0.72,-0.03,22160.0
383650,1,0.71,-0.06,12861.0
383850,1,0.695,0.06,85.0
384050,1,0.6799999999999999,0.01,89.0
384250,1,0.6649999999999999,0.04,66.0
384450,1,0.6499999999999999,0.1,90.0
384650,1,0.635,0.07,87.0
384850,1,0.62,0.03,70.0
385050,1,0.605,0.03,67.0
385250,1,0.59,-0.15,20217.0
385450,1,0.65,-1.97,65.0
385650,1,0.65,-2.88,85.0
385850,1,0.49,-2.37,746.0
386050,1,0.26,-2.79,100.0
386250,1,1.51,-3.84,61.0
386450,1,1.13,-3.81,72.0
386650,1,0.75,-3.77,52.0
386850,1,0.4,-3.7,89.0
387050,1,0.865,0.04,97.0
387250,1,1.33,-3.83,50.0
387450,1,0.9,-2.85,113.0
387650,1,0.45,-3.05,80.0
387850,1,0.24,-3.23,85.0
388050,1,1.49,-3.84,52.0
388250,1,1.11,-3.81,52.0
388450,1,0.75,-3.77,61.0
388650,1,0.93,0.07,93.0
388850,1,1.11,-3.84,41.0
389050,1,1.0,-3.78,72.0
389250,1,0.69,-3.73,109.0
389450,1,0.35,-3.68,65.0
389650,1,1.5,-3.84,58.0
389850,1,1.13,-3.81,45.0
390050,1,0.75,-2.98,80.0
390250,1,0.45,-3.22,65.0
390450,1,0.895,0.03,51.0
390650,1,1.34,-3.83,45.0
390850,1,0.94,-3.8,41.0
391050,1,0.58,-3.74,137.0
391250,1,0.3,-3.65,61.0
391450,1,1.51,-3.84,52.0
391650,1,1.13,-3.81,61.0
391850,1,0.67,-3.76,61.0
392050,1,0.41,-3.68,50.0
392250,1,0.755,0.11,87.0
392450,1,1.1,-3.84,72.0
392650,1,1.0,-3.78,97.0
392850,1,0.47,-3.76,45.0
393050,1,0.3,-3.65,41.0
393250,1,1.49,-3.84,61.0
393450,1,1.12,-3.81,72.0
393650,1,1.3050000000000002,0.07,94.0
393850,1,1.49,-3.84,50.0
394050,1,1.11,-3.8,73.0
394250,1,0.85,-3.76,52.0
394450,1,0.52,-3.71,41.0
394650,1,0.925,0.1,58.0
394850,1,1.33,-3.83,41.0
395050,1,0.94,-3.8,65.0
395250,1,0.67,-3.73,41.0
395450,1,0.4,-2.36,10642.0
395650,1,0.23,-2.19,50.0
395850,1,0.02,-1.75,6065.0
396050,1,0.14333333333333334,0.02,71.0
396250,1,0.26666666666666666,0.02,67.0
396450,1,0.39,0.06,97.0
396650,1,0.5133333333333333,0.05,78.0
396850,1,0.6366666666666667,0.07,75.0
397050,1,0.76,0.13,16105.0
397250,1,0.77,0.08,6425.0
397450,1,0.77,0.06,10216.0
397650,1,0.77,0.04,17386.0
397850,1,0.8,0.04,3690.0
398050,1,0.69,-0.52,2405.0
398250,1,0.63,-0.42,754.0
398450,1,1.56,-3.82,82.0
398650,1,1.06,-3.8,50.0
398850,1,0.65,-3.75,65.0
399050,1,0.28,-3.68,45.0
399250,1,0.915,0.04,81.0
399450,1,1.55,-3.81,82.0
399650,1,1.05,-3.8,80.0
399850,1,0.55,-3.74,61.0
400050,1,0.925,0.04,76.0
400250,1,1.3,-3.83,41.0
400450,1,0.86,-3.78,45.0
400650,1,0.48,-3.71,65.0
400850,1,0.03,-3.66,50.0
401050,1,0.42000000000000004,0.02,92.0
401250,1,0.81,0.0,9928.0
401450,1,0.9,-1.31,58.0
401650,1,0.8466666666666667,0.02,79.0
401850,1,0.7933333333333333,0.08,72.0
402050,1,0.74,-0.21,21685.0
402250,1,0.715,0.1,86.0
402450,1,0.69,0.03,100.0
402650,1,0.665,0.05,57.0
402850,1,0.64,0.01,72.0
403050,1,0.615,0.03,73.0
403250,1,0.59,0.02,9305.0
403450,1,0.736,0.02,53.0
403650,1,0.882,0.07,79.0
403850,1,1.028,0.07,71.0
404050,1,1.174,0.1,93.0
404250,1,1.32,-3.83,85.0
404450,1,0.75,-1.81,5045.0
404650,1,0.7,-1.85,85.0
404850,1,0.46,-2.48,58.0
405050,1,0.17,-2.82,50.0
405250,1,0.885,0.07,87.0
405450,1,1.6,-3.84,85.0
405650,1,1.16,-3.81,45.0
405850,1,0.99,-3.73,121.0
406050,1,0.65,-3.67,82.0
406250,1,0.26,-3.62,52.0
406450,1,1.5,-3.84,72.0
406650,1,1.12,-3.81,61.0
406850,1,0.75,-3.77,41.0
407050,1,0.39,-3.7,41.0
407250,1,0.98,0.03,87.0
407450,1,1.57,-3.84,58.0
407650,1,1.18,-3.81,73.0
407850,1,0.65,-3.76,50.0
408050,1,0.34,-3.67,74.0
408250,1,2.04,-3.84,100.0
408450,1,1.47,-3.83,41.0
408650,1,1.05,-3.76,101.0
408850,1,0.86,-3.67,100.0
409050,1,0.45,-3.64,72.0
409250,1,0.96,0.05,64.0
409450,1,1.47,-3.83,72.0
409650,1,1.11,-3.81,58.0
409850,1,0.65,-3.76,52.0
410050,1,0.28,-3.69,82.0
410250,1,1.49,-3.84,72.0
410450,1,1.48,-3.8,82.0
410650,1,0.96,-3.78,85.0
410850,1,0.54,-3.72,41.0
411050,1,1.025,0.08,98.0
411250,1,1.51,-3.84,41.0
411450,1,1.12,-3.81,50.0
411650,1,0.75,-3.77,45.0
411850,1,0.39,-3.7,74.0
412050,1,0.845,0.06,60.0
412250,1,1.3,-3.83,52.0
412450,1,0.92,-3.79,61.0
412650,1,0.66,-3.71,90.0
412850,1,0.43,-3.62,104.0
413050,1,0.88,0.04,53.0
413250,1,1.33,-3.83,61.0
413450,1,0.88,-3.78,61.0
413650,1,0.62,-3.72,41.0
413850,1,0.31,-3.66,52.0
414050,1,1.5,-3.84,74.0
414250,1,0.81,-1.26,36517.0
414450,1,0.63,-0.69,41746.0
414650,1,0.54,-0.43,16229.0
414850,1,0.51,-0.28,47290.0
415050,1,0.5,-0.21,17909.0
415250,1,0.48,-0.16,43281.0
415450,1,0.5266666666666666,0.1,78.0
415650,1,0.5733333333333334,0.04,78.0
415850,1,0.62,0.1,63.0
416050,1,0.6666666666666666,0.09,71.0
416250,1,0.7133333333333334,0.07,69.0
416450,1,0.76,0.15,37745.0
416650,1,0.77,0.09,8080.0
416850,1,0.78,0.08,63.0
417050,1,0.79,0.0,1373.0
417250,1,0.9,-1.24,1226.0
417450,1,0.77,-1.57,65.0
417650,1,0.52,-2.06,45.0
417850,1,0.3,-2.61,58.0
418050,1,0.8,0.08,67.0
418250,1,1.3,-3.83,40.0
418450,1,0.93,-3.79,50.0
418650,1,0.56,-3.74,52.0
418850,1,0.8400000000000001,0.04,61.0
419050,1,1.12,-3.84,65.0
419250,1,0.99,-3.78,40.0
419450,1,0.46,-3.76,40.0
419650,1,0.37,-3.64,41.0
419850,1,0.4966666666666667,0.05,57.0
420050,1,0.6233333333333333,0.05,95.0
420250,1,0.75,0.0,17408.0
420450,1,0.75,-0.04,31397.0
420650,1,0.95,-0.06,6893.0
420850,1,0.91,-0.09,14884.0
421050,1,0.9071428571428571,0.02,76.0
421250,1,0.9042857142857144,0.09,80.0
421450,1,0.9014285714285715,0.03,71.0
421650,1,0.8985714285714286,0.09,73.0
421850,1,0.8957142857142857,0.1,72.0
422050,1,0.8928571428571429,0.09,84.0
422250,1,0.89,-1.86,27565.0
422450,1,0.83,-2.51,101.0
422650,1,0.61,-2.14,4561.0
422850,1,0.41,-2.69,52.0
423050,1,0.86,0.05,61.0
423250,1,1.31,-3.83,41.0
423450,1,0.93,-3.79,52.0
423650,1,0.88,-2.36,74.0
423850,1,0.55,-2.81,74.0
424050,1,0.22,-3.05,45.0
424250,1,1.51,-3.84,50.0
424450,1,1.13,-3.81,85.0
424650,1,0.56,-3.79,65.0
424850,1,0.43,-3.67,41.0
425050,1,0.49,0.07,70.0
425250,1,0.55,0.03,37960.0
425450,1,0.61,0.02,3869.0
425650,1,0.59,-0.94,100.0
425850,1,0.59,-0.55,2920.0
426050,1,0.58,-0.34,12637.0
426250,1,0.49,-0.75,949.0
426450,1,1.5,-3.84,73.0
426650,1,1.12,-3.81,61.0
426850,1,0.75,-3.77,72.0
427050,1,0.4,-3.7,61.0
427250,1,0.9450000000000001,0.04,60.0
427450,1,1.49,-3.84,74.0
427650,1,1.11,-3.81,65.0
427850,1,0.75,-3.77,58.0
428050,1,0.4,-3.7,41.0
428250,1,0.8500000000000001,0.11,56.0
428450,1,1.3,-3.83,74.0
428650,1,1.06,-3.79,89.0
428850,1,0.65,-3.74,68.0
429050,1,0.28,-3.67,50.0
429250,1,0.6000000000000001,0.05,69.0
429450,1,0.92,-1.93,5945.0
429650,1,0.62,-0.91,6280.0
429850,1,0.55,-2.03,89.0
430050,1,0.44,-1.27,5125.0
430250,1,0.515,0.08,87.0
430450,1,0.59,0.05,59.0
430650,1,0.665,0.09,78.0
430850,1,0.74,0.01,3977.0
431050,1,1.0,-2.55,41.0
431250,1,0.74,-2.18,7970.0
431450,1,0.56,-2.46,106.0
431650,1,0.31,-1.88,21057.0
431850,1,0.17,-1.4,12404.0
432050,1,0.28800000000000003,0.08,99.0
432250,1,0.406,0.09,64.0
432450,1,0.524,0.03,66.0
432650,1,0.642,0.01,63.0
432850,1,0.76,0.24,38281.0
433050,1,0.7633333333333333,0.06,69.0
433250,1,0.7666666666666667,0.08,52.0
433450,1,0.77,0.01,2420.0
433650,1,0.79,0.01,7825.0
433850,1,0.77,-0.8,58.0
434050,1,0.58,-1.82,41.0
434250,1,0.32,-2.4,53.0
434450,1,0.81,0.03,65.0
434650,1,1.3,-3.83,61.0
434850,1,0.93,-3.79,50.0
435050,1,0.37,-3.77,50.0
435250,1,1.5,-3.84,41.0
435450,1,1.5,0.05,51.0
435650,1,1.5,-3.84,58.0
435850,1,1.12,-3.8,68.0
436050,1,0.62,-3.78,41.0
436250,1,0.8300000000000001,0.05,56.0
436450,1,1.04,-1.93,905.0
436650,1,0.89,-2.9,41.0
436850,1,0.57,-2.12,6452.0
437050,1,0.6233333333333333,0.09,56.0
437250,1,0.6766666666666666,0.08,60.0
437450,1,0.73,-0.17,53689.0
437650,1,0.7,0.04,82.0
437850,1,0.67,0.08,65.0
438050,1,0.64,0.08,83.0
438250,1,0.61,0.07,96.0
438450,1,0.5800000000000001,0.1,52.0
438650,1,0.55,0.07,100.0
438850,1,0.52,0.0,35498.0
439050,1,0.68,-1.3,45.0
439250,1,0.58,-0.7,28772.0
439450,1,0.53,-0.43,4880.0
439650,1,0.51,-0.28,10256.0
439850,1,0.5,-0.18,9620.0
440050,1,0.49,-0.12,7808.0
440250,1,1.49,-3.84,45.0
440450,1,1.12,-3.81,50.0
440650,1,0.56,-3.79,40.0
440850,1,0.34,-3.68,45.0
441050,1,0.8250000000000001,0.06,78.0
441250,1,1.31,-3.83,74.0
441450,1,0.96,-3.79,50.0
441650,1,0.48,-3.73,74.0
441850,1,0.725,0.06,75.0
442050,1,0.97,-1.93,22777.0
442250,1,0.66,-0.92,5525.0
442450,1,0.57,-0.54,16433.0
442650,1,0.53,-0.34,11050.0
442850,1,0.52,-0.22,19850.0
443050,1,0.56,-0.12,4105.0
443250,1,0.56,-0.09,3385.0
443450,1,1.31,-3.83,72.0
443650,1,0.93,-3.79,89.0
443850,1,0.57,-3.74,52.0
692850,1,0.59,0.0,29641.0
693050,1,0.62,0.01,12973.0
693250,1,0.65,0.01,12077.0
693450,1,0.67,0.02,1768.0
693650,1,0.69,0.02,970.0
693850,1,0.7,0.02,761.0
694050,1,1.6,-3.81,106.0
694250,1,1.33,-3.74,137.0
694450,1,2.19,-3.69,121.0
694650,1,1.6,-3.76,117.0
694850,1,1.31,-3.73,104.0
695050,1,0.73,-3.7,61.0
695250,1,0.57,-3.58,153.0
695450,1,0.28,-3.51,145.0
695650,1,1.52,-3.84,41.0
695850,1,1.0,-2.5,2293.0
696050,1,0.8,-2.82,173.0
696250,1,0.76,-3.11,121.0
696450,1,0.45,-3.14,125.0
696650,1,0.26,-3.22,52.0
696850,1,2.21,-3.84,122.0
697050,1,1.65,-3.83,145.0
697250,1,1.29,-3.78,45.0
697450,1,1.07,-3.69,185.0
697650,1,0.7,-3.64,104.0
697850,1,0.43,-3.55,153.0
698050,1,1.1500000000000001,0.09,70.0
698250,1,1.87,3.31,40.0
698450,1,1.17,0.99,11041.0
698650,1,1.05,0.52,22997.0
698850,1,1.06,0.41,13284.0
699050,1,0.9875,0.06,62.0
699250,1,0.915,0.08,60.0
699450,1,0.8425,0.1,88.0
699650,1,0.77,0.24,65033.0
699850,1,0.78,0.16,24712.0
700050,1,0.79,0.09,4594.0
700250,1,0.85,-0.56,2237.0
700450,1,0.8,-0.37,6280.0
700650,1,0.66,-0.94,193.0
700850,1,0.46,-1.44,116.0
701050,1,0.33,-2.09,116.0
701250,1,0.925,0.09,77.0
701450,1,1.52,-3.84,81.0
701650,1,1.12,-3.8,40.0
701850,1,0.96,-3.7,90.0
702050,1,0.83,-3.64,116.0
702250,1,0.7,-3.57,104.0
702450,1,0.48,-3.51,82.0
702650,1,0.29,-3.42,113.0
702850,1,2.23,-3.84,169.0
703050,1,1.74,-3.82,104.0
703250,1,1.39,-3.77,104.0
703450,1,1.02,-3.71,173.0
703650,1,0.7,-3.62,205.0
703850,1,0.34,-3.57,49.0
704050,1,2.23,-3.84,116.0
704250,1,1.82,-3.82,130.0
704450,1,1.32,-2.9,925.0
704650,1,1.06,-2.54,137.0
704850,1,0.9950000000000001,0.01,91.0
705050,1,0.93,0.1,87.0
705250,1,0.865,0.08,86.0
705450,1,0.8,-0.11,5545.0
705650,1,0.95,-1.96,50.0
705850,1,0.78,-1.22,2450.0
706050,1,0.73,-0.64,1972.0
706250,1,0.7975,0.02,85.0
706450,1,0.865,0.05,85.0
706650,1,0.9325,0.03,68.0
706850,1,1.0,0.01,3106.0
707050,1,0.875,0.07,85.0
707250,1,0.75,0.02,6649.0
707450,1,1.5,0.09,2048.0
707650,1,1.76,0.1,2221.0
707850,1,1.62,-0.71,657.0
708050,1,1.39,-1.07,565.0
708250,1,1.14,-1.54,116.0
708450,1,0.82,-2.26,106.0
708650,1,0.8025,0.04,66.0
708850,1,0.7849999999999999,0.02,74.0
709050,1,0.7675,0.03,79.0
709250,1,0.75,-0.09,24649.0
709450,1,0.74,-0.14,26186.0
709650,1,0.6950000000000001,0.1,92.0
709850,1,0.65,0.06,80.0
710050,1,0.605,0.06,87.0
710250,1,0.56,-0.22,2765.0
710450,1,0.53,-0.16,51125.0
710650,1,0.51,-0.09,7400.0
710850,1,0.56,-0.74,122.0
711050,1,0.5,-0.48,5140.0
711250,1,2.1,-3.84,130.0
711450,1,1.51,-3.83,125.0
711650,1,1.67,-3.73,145.0
711850,1,0.53,0.01,8245.0
712050,1,0.52,0.01,5189.0
712250,1,0.52,0.01,4849.0
712450,1,0.52,0.01,6581.0
712650,1,1.49,-3.84,58.0
712850,1,1.36,-3.81,52.0
713050,1,0.89,-3.78,106.0
713250,1,0.38,-3.72,58.0
713450,1,1.5,-3.84,85.0
713650,1,1.36,-3.81,41.0
713850,1,0.89,-3.78,74.0
714050,1,0.49,-3.72,50.0
714250,1,0.2,-3.63,41.0
714450,1,1.49,-3.84,41.0
714650,1,1.36,-3.81,80.0
714850,1,0.89,-3.78,61.0
715050,1,0.61,-2.96,29818.0
715250,1,0.4,-1.86,26961.0
715450,1,0.47400000000000003,0.08,98.0
715650,1,0.548,0.09,62.0
715850,1,0.622,0.1,60.0
716050,1,0.696,0.06,86.0
716250,1,0.77,0.25,7546.0
716450,1,0.87,0.25,15912.0
716650,1,0.92,0.18,2034.0
716850,1,0.96,-0.59,1250.0
717050,1,0.89,-1.19,113.0
717250,1,1.275,0.05,52.0
717450,1,1.66,-3.77,45.0
717650,1,1.4,-3.76,97.0
717850,1,1.01,-3.73,52.0
718050,1,0.61,-3.68,45.0
718250,1,0.38,-3.57,116.0
718450,1,1.03,0.01,67.0
718650,1,1.68,-3.85,45.0
718850,1,1.54,0.09,96.0
719050,1,1.4,0.08,83.0
719250,1,1.26,0.04,50.0
719450,1,1.12,-3.84,53.0
719650,1,1.28,0.11,74.0
719850,1,1.4400000000000002,0.03,51.0
720050,1,1.6,-3.81,90.0
720250,1,1.11,-1.8,1181.0
720450,1,0.95,-1.06,1460.0
720650,1,0.89,-0.67,653.0
720850,1,0.82,-1.24,100.0
721050,1,0.65,-1.68,117.0
721250,1,0.39,-2.29,90.0
721450,1,0.25,-2.59,106.0
721650,1,0.975,0.08,76.0
721850,1,1.7,-3.83,82.0
722050,1,1.44,-3.78,193.0
722250,1,1.1,-3.75,52.0
722450,1,0.7,-3.66,104.0
722650,1,0.6,-3.53,100.0
722850,1,0.33,-3.48,53.0
723050,1,2.07,-3.84,130.0
723250,1,1.5,-3.82,130.0
723450,1,1.09,-3.77,89.0
723650,1,0.79,-3.68,113.0
723850,1,0.36,-3.64,45.0
724050,1,2.47,-3.84,106.0
724250,1,2.02,-3.81,146.0
724450,1,1.27,-1.86,2257.0
724650,1,0.98,-1.13,22642.0
724850,1,0.8,-0.94,32040.0
725050,1,0.68,-0.79,16272.0
725250,1,0.54,-0.7,61802.0
725450,1,0.536,0.05,94.0
725650,1,0.532,0.07,85.0
725850,1,0.528,0.05,56.0
726050,1,0.524,0.09,59.0
726250,1,0.52,-0.2,16381.0
726450,1,0.95,-1.33,101.0
726650,1,0.71,-0.75,6865.0
726850,1,1.4,0.07,72.0
727050,1,2.09,-3.84,100.0
727250,1,0.97,-1.28,5393.0
727450,1,0.73,-0.93,5274.0
727650,1,0.74,-1.24,3610.0
727850,1,0.72,-2.05,169.0
728050,1,0.43,-2.3,121.0
728250,1,0.02,-2.55,41.0
728450,1,2.23,-3.84,145.0
728650,1,1.36,-3.84,58.0
728850,1,1.44,0.06,55.0
729050,1,1.52,-3.84,50.0
729250,1,1.49,-3.77,144.0
729450,1,1.42,-3.73,101.0
729650,1,0.9,-2.24,30032.0
729850,1,0.65,-1.44,47225.0
730050,1,0.46,-1.15,23125.0
730250,1,0.53,0.06,58.0
730450,1,0.6,0.07,85.0
730650,1,0.6699999999999999,0.01,75.0
730850,1,0.74,0.31,13221.0
731050,1,0.865,0.1,94.0
731250,1,0.99,0.29,16073.0
731450,1,0.87,0.19,6497.0
731650,1,0.87,0.13,4090.0
731850,1,0.95,-1.45,130.0
732050,1,0.83,-2.2,170.0
732250,1,0.45,-2.48,50.0
732450,1,0.98,0.1,95.0
732650,1,1.51,-3.84,49.0
732850,1,1.31,-3.8,153.0
733050,1,0.99,-3.72,136.0
733250,1,0.59,-3.66,100.0
733450,1,0.2,-3.59,153.0
733650,1,2.06,-3.84,137.0
733850,1,1.69,-3.8,116.0
734050,1,1.7466666666666666,0.08,74.0
734250,1,1.8033333333333335,0.11,88.0
734450,1,1.86,-3.83,130.0
734650,1,1.54,-3.79,153.0
734850,1,1.06,-3.76,52.0
735050,1,0.68,-3.68,125.0
735250,1,0.17,-3.64,178.0
735450,1,2.23,-3.84,170.0
735650,1,1.61,-3.84,45.0
735850,1,1.21,-3.76,136.0
736050,1,1.0,-3.67,117.0
736250,1,0.59,-3.59,180.0
736450,1,0.33,-3.52,49.0
736650,1,2.23,-3.84,164.0
736850,1,1.76,-3.81,137.0
737050,1,1.25,-3.79,185.0
737250,1,0.66,-3.76,40.0
737450,1,0.67,-2.05,4520.0
737650,1,0.68,0.03,90.0
737850,1,0.6900000000000001,0.09,50.0
738050,1,0.7000000000000001,0.11,58.0
738250,1,0.71,0.05,84.0
738450,1,0.72,0.06,86.0
738650,1,0.73,0.09,96.0
738850,1,0.74,-0.23,4386.0
739050,1,0.6666666666666666,0.09,76.0
739250,1,0.5933333333333334,0.08,65.0
739450,1,0.52,0.0,12325.0
739650,1,1.19,-1.86,125.0
739850,1,1.02,-1.9,109.0
740050,1,0.88,-2.31,121.0
740250,1,0.61,-2.06,6772.0
740450,1,0.24,-2.36,65.0
740650,1,2.26,-3.84,125.0
740850,1,1.38,-2.58,82.0
741050,1,1.28,-3.07,145.0
741250,1,0.9,-3.3,41.0
741450,1,0.44,-3.33,145.0
741650,1,0.695,0.04,54.0
741850,1,0.95,-1.94,3589.0
742050,1,1.09,-2.89,50.0
742250,1,0.86,-3.19,121.0
742450,1,0.56,-3.21,113.0
742650,1,0.43,-3.24,148.0
742850,1,0.24,-2.11,4329.0
743050,1,0.16,-1.37,18269.0
743250,1,0.14,-0.88,6554.0
743450,1,0.15,-0.56,4645.0
743650,1,0.18,-0.34,19501.0
743850,1,0.22,-0.19,46674.0
744050,1,0.26,-0.1,28162.0
744250,1,0.3,-0.04,4625.0
744450,1,0.34,-0.01,9320.0
744650,1,0.36,0.0,5085.0
744850,1,0.8300000000000001,0.03,55.0
745050,1,1.3,-3.83,40.0
745250,1,0.93,-3.79,50.0
745450,1,0.55,-2.94,3898.0
745650,1,0.19,-2.33,6976.0
745850,1,2.23,-3.84,104.0
746050,1,1.79,-3.82,148.0
746250,1,1.52,-1.78,52.0
746450,1,1.31,-2.54,101.0
746650,1,0.96,-2.24,13634.0
746850,1,0.71,-1.49,23426.0
747050,1,0.57,-0.99,4945.0
747250,1,0.49,-0.66,51204.0
747450,1,0.46,-0.43,5096.0
747650,1,0.45,-0.27,55745.0
747850,1,0.47,-0.16,23357.0
748050,1,0.46,-0.11,52954.0
748250,1,0.48,-0.02,381.0
748450,1,0.5519999999999999,0.01,88.0
748650,1,0.624,0.11,92.0
748850,1,0.696,0.04,51.0
749050,1,0.768,0.02,67.0
749250,1,0.84,0.24,5608.0
749450,1,0.81,0.17,15572.0
749650,1,0.8,0.05,4105.0
749850,1,0.8,0.04,4969.0
750050,1,0.8,-0.72,125.0
750250,1,0.69,-1.69,125.0
750450,1,0.41,-2.0,137.0
750650,1,0.26,-2.44,146.0
750850,1,1.065,0.1,88.0
751050,1,1.87,-3.84,125.0
751250,1,1.42,-3.82,68.0
751450,1,0.97,-3.77,100.0
751650,1,1.4100000000000001,0.11,58.0
751850,1,1.85,-3.83,106.0
752050,1,1.49,-3.79,169.0
752250,1,0.93,-3.77,130.0
752450,1,0.47,-3.69,109.0
752650,1,0.27,-3.56,52.0
752850,1,1.12,0.09,74.0
753050,1,1.97,-3.83,104.0
753250,1,1.45,-3.82,45.0
753450,1,1.13,-3.74,125.0
753650,1,0.74,-3.68,169.0
753850,1,0.43,-3.59,109.0
754050,1,1.32,0.02,50.0
754250,1,2.21,-3.83,136.0
754450,1,1.65,-3.83,113.0
754650,1,1.7833333333333332,0.06,50.0
754850,1,1.9166666666666665,0.06,93.0
755050,1,2.05,-3.84,106.0
755250,1,1.74,-3.81,113.0
755450,1,1.31,-3.75,109.0
755650,1,0.91,-3.7,113.0
755850,1,0.56,-3.63,97.0
756050,1,0.32,-3.54,100.0
756250,1,0.99,0.1,54.0
756450,1,1.66,-3.81,113.0
756650,1,1.36,-3.74,125.0
756850,1,1.17,-3.69,90.0
757050,1,0.63,-3.66,50.0
757250,1,0.51,-3.53,116.0
757450,1,0.37,-3.43,169.0
757650,1,1.105,0.11,55.0
757850,1,1.84,-3.84,145.0
758050,1,1.47,-3.8,125.0
758250,1,0.85,-3.79,53.0
758450,1,1.355,0.05,75.0
758650,1,1.86,-3.83,89.0
758850,1,1.2,-1.82,962.0
759050,1,1.01,-1.08,3305.0
759250,1,0.93,-1.27,2788.0
759450,1,0.83,-0.83,4000.0
759650,1,0.75,-0.56,7586.0
759850,1,0.69,-0.44,3940.0
760050,1,0.65,-0.36,4369.0
760250,1,0.62,-0.3,44560.0
760450,1,0.58,-0.28,60274.0
760650,1,0.5966666666666667,0.02,53.0
760850,1,0.6133333333333333,0.05,81.0
761050,1,0.63,-0.22,48964.0
761250,1,0.57,-0.1,28433.0
761450,1,0.56,-0.06,5785.0
761650,1,0.55,-0.04,38565.0
761850,1,0.55,-0.03,18184.0
762050,1,0.48,-0.76,101.0
762250,1,0.5800000000000001,0.05,83.0
762450,1,0.68,0.01,49689.0
762650,1,0.71,0.01,4369.0
762850,1,0.81,-1.46,153.0
763050,1,0.64,-2.23,41.0
763250,1,0.5,-2.62,122.0
763450,1,0.23,-2.87,109.0
763650,1,2.23,-3.84,122.0
